contrato_id,Contrato,Órgão,orgao_curto,Município,Situação,Empresa,Período,Valor do Contrato,valor_contrato,data_inicio_txt,data_fim_txt,ano_inicio,ano_fim,dias_duracao,dias_ate_fim,tipo_contrato,objeto,n_municipios_contrato,flag_multimunicipal,flag_teste,flag_valor_zero,flag_andamento_vencido,status_prazo
1,AJ/CD/001/24 - ALEGRIA-ENTR ERS-315-INHACORÁ (INÍCIO TRAVESSIA MUNICIPAL ),DAER - Departamento Autônomo de Estradas de Rodagem do Rio Grande do Sul,DAER,"Alegria, Inhacorá",Andamento,CARPENEDO & CIA LTDA,05/02/2024 a 08/08/2025,"R$ 10.251.197,57",10251197.57,05/02/2024,08/08/2025,2024,2025,550,-307,AJ/CD,ALEGRIA-ENTR ERS-315-INHACORÁ (INÍCIO TRAVESSIA MUNICIPAL ),2,True,False,False,True,Encerrado pela data
2,AJ/CD/004/19-ANO 3 - Gestão ambiental da Rota do Sol.,DAER - Departamento Autônomo de Estradas de Rodagem do Rio Grande do Sul,DAER,"Itati, São Francisco de Paula, Terra de Areia",Concluída,BOURSCHEID ENGENHARIA E MEIO AMBIENTE LTDA.,02/06/2021 a 19/06/2022,"R$ 673.867,19",673867.19,02/06/2021,19/06/2022,2021,2022,382,-1453,AJ/CD,ANO 3 - Gestão ambiental da Rota do Sol.,3,True,False,False,False,Encerrado pela data
3,AJ/CD/004/19-ANO 4 - Gestão ambiental da Rota do Sol.,DAER - Departamento Autônomo de Estradas de Rodagem do Rio Grande do Sul,DAER,"Itati, São Francisco de Paula, Terra de Areia",Concluída,BOURSCHEID ENGENHARIA E MEIO AMBIENTE LTDA.,19/06/2022 a 19/06/2023,"R$ 673.867,19",673867.19,19/06/2022,19/06/2023,2022,2023,365,-1088,AJ/CD,ANO 4 - Gestão ambiental da Rota do Sol.,3,True,False,False,False,Encerrado pela data
4,AJ/CD/004/19-ANO 5 - Gestão ambiental da Rota do Sol.,DAER - Departamento Autônomo de Estradas de Rodagem do Rio Grande do Sul,DAER,"Itati, São Francisco de Paula, Terra de Areia",Concluída,BOURSCHEID ENGENHARIA E MEIO AMBIENTE LTDA.,19/06/2023 a 01/08/2024,"R$ 673.867,19",673867.19,19/06/2023,01/08/2024,2023,2024,409,-679,AJ/CD,ANO 5 - Gestão ambiental da Rota do Sol.,3,True,False,False,False,Encerrado pela data
5,AJ/CD/004/19-ANO 6 - Gestão ambiental da Rota do Sol.,DAER - Departamento Autônomo de Estradas de Rodagem do Rio Grande do Sul,DAER,"Itati, São Francisco de Paula, Terra de Areia",Andamento,BOURSCHEID ENGENHARIA E MEIO AMBIENTE LTDA.,01/08/2024 a 17/03/2026,"R$ 737.356,26",737356.26,01/08/2024,17/03/2026,2024,2026,593,-86,AJ/CD,ANO 6 - Gestão ambiental da Rota do Sol.,3,True,False,False,True,Encerrado pela data
6,AJ/CD/004/24 - Licenciamento de software e a prestação de serviços - Software SIDER.,DAER - Departamento Autônomo de Estradas de Rodagem do Rio Grande do Sul,DAER,Porto Alegre,Andamento,Poligraph Sistemas e Representações Ltda,30/01/2024 a 31/01/2025,"R$ 40.091.509,39",40091509.39,30/01/2024,31/01/2025,2024,2025,367,-496,AJ/CD,Licenciamento de software e a prestação de serviços - Software SIDER.,1,False,False,False,True,Encerrado pela data
7,AJ/CD/006/20 - Prestação de Serviços de Captura e Transmissão de Dados e Imagens de Veículos,DAER - Departamento Autônomo de Estradas de Rodagem do Rio Grande do Sul,DAER,Porto Alegre,Andamento,Perkons S/A,29/04/2020 a 31/01/2025,"R$ 14.683.944,48",14683944.48,29/04/2020,31/01/2025,2020,2025,1738,-496,AJ/CD,Prestação de Serviços de Captura e Transmissão de Dados e Imagens de Veículos,1,False,False,False,True,Encerrado pela data
8,AJ/CD/007/20 - Prestação de Serviços de Captura e Transmissão de Dados e Imagens de Veículos.,DAER - Departamento Autônomo de Estradas de Rodagem do Rio Grande do Sul,DAER,Porto Alegre,Andamento,Fiscaltech Tecnologia e Automação LTDA,12/05/2020 a 12/05/2022,"R$ 1.917.998,16",1917998.16,12/05/2020,12/05/2022,2020,2022,730,-1491,AJ/CD,Prestação de Serviços de Captura e Transmissão de Dados e Imagens de Veículos.,1,False,False,False,True,Encerrado pela data
9,"AJ/CD/026/24 - Instalação de placas de sinalização, na rodovia ERS-431, no km 22,62",DAER - Departamento Autônomo de Estradas de Rodagem do Rio Grande do Sul,DAER,Bento Gonçalves,Andamento,SINAWAY COMÉRCIO DE SINALIZAÇÃO LTDA,25/06/2024 a 05/07/2024,"R$ 61.863,64",61863.64,25/06/2024,05/07/2024,2024,2024,10,-706,AJ/CD,"Instalação de placas de sinalização, na rodovia ERS-431, no km 22,62",1,False,False,False,True,Encerrado pela data
10,"AJ/CD/030/24 - Levantamentos de LVC com vídeo registro, IRI, ATR e deflexão com FWD nas rodovias pavimentadas do DAER.",DAER - Departamento Autônomo de Estradas de Rodagem do Rio Grande do Sul,DAER,Santa Maria,Paralisado,PAVESYS ENGENHARIA S/S,15/08/2024 a 13/08/2027,"R$ 3.174.232,66",3174232.66,15/08/2024,13/08/2027,2024,2027,1093,428,AJ/CD,"Levantamentos de LVC com vídeo registro, IRI, ATR e deflexão com FWD nas rodovias pavimentadas do DAER.",1,False,False,False,False,Vigente pela data
11,AJ/CD/036/25 - Serviços de Assistência Técnica-Apoio p/elaboração de TR e Assessoria em projetos e empreendimentos,DAER - Departamento Autônomo de Estradas de Rodagem do Rio Grande do Sul,DAER,Porto Mauá,Andamento,Caixa Econômica Federal,06/05/2025 a 12/05/2027,"R$ 1.129.805,19",1129805.19,06/05/2025,12/05/2027,2025,2027,736,335,AJ/CD,Serviços de Assistência Técnica-Apoio p/elaboração de TR e Assessoria em projetos e empreendimentos,1,False,False,False,False,Vigente pela data
12,AJ/CD/037/23 - Serviços de diagnóstico e mapeamento dos focos de invasão de Hovenia dulcis Thunb. na REBIO Mata Paludosa.,DAER - Departamento Autônomo de Estradas de Rodagem do Rio Grande do Sul,DAER,Itati,Concluída,ATAGON GEOINFORMAÇÃO E AMBIENTE LTDA,02/09/2024 a 03/08/2025,"R$ 9.300,00",9300.0,02/09/2024,03/08/2025,2024,2025,335,-312,AJ/CD,Serviços de diagnóstico e mapeamento dos focos de invasão de Hovenia dulcis Thunb. na REBIO Mata Paludosa.,1,False,False,False,False,Encerrado pela data
13,"AJ/CD/037/24 - ERS - 608, Trecho: Entr. BRS-293/ERS-265 (p/ Cancelão) - Pedras Altas (Início Trv-Mun)",DAER - Departamento Autônomo de Estradas de Rodagem do Rio Grande do Sul,DAER,"Candiota, Capão do Leão, Pedras Altas, Pinheiro Machado",Andamento,DALFOVO CONSTRUTORA LTDA,03/02/2025 a 25/11/2026,"R$ 21.898.597,32",21898597.32,03/02/2025,25/11/2026,2025,2026,660,167,AJ/CD,"ERS - 608, Trecho: Entr. BRS-293/ERS-265 (p/ Cancelão) - Pedras Altas (Início Trv-Mun)",4,True,False,False,False,Vigente pela data
14,"AJ/CD/072/25 - contratação de empresa especializada na prestação de serviços técnicos de inspeções cadastrais e rotineiras, em obras de sob a jurisdição do DAER.",DAER - Departamento Autônomo de Estradas de Rodagem do Rio Grande do Sul,DAER,Porto Alegre,Andamento,FINGER ENGENHEIROS ASSOCIADOS LTDA.,15/09/2025 a 15/09/2026,"R$ 6.415.710,24",6415710.24,15/09/2025,15/09/2026,2025,2026,365,96,AJ/CD,"contratação de empresa especializada na prestação de serviços técnicos de inspeções cadastrais e rotineiras, em obras de sob a jurisdição do DAER.",1,False,False,False,False,Vigente pela data
15,AJ/CD/089/25 - Rodovias sob jurisdição da 2ª RS (no Munícipio de Bento Gonçalves) do DAER. lote único.,DAER - Departamento Autônomo de Estradas de Rodagem do Rio Grande do Sul,DAER,Bento Gonçalves,Andamento,BECK DE SOUZA ENGENHARIA LTDA,11/12/2025 a 11/12/2026,"R$ 16.412.436,45",16412436.45,11/12/2025,11/12/2026,2025,2026,365,183,AJ/CD,Rodovias sob jurisdição da 2ª RS (no Munícipio de Bento Gonçalves) do DAER. lote único.,1,False,False,False,False,Vigente pela data
16,"AJ/CV/001/26 - Serviços emergenciais, nas faixas de domínio das rodovias estaduais pavimentadas, sob a jurisdição da 7ª Superintendência Regional do DAER/RS, sediada",DAER - Departamento Autônomo de Estradas de Rodagem do Rio Grande do Sul,DAER,"Arroio do Padre, Arroio Grande, Canguçu, Capão do Leão, Cerrito, Chuí, Herval, Morro Redondo, Pedro Osório, Pelotas, Piratini, Rio Grande, Santa Vitória do Palmar, São José do Norte, São Lourenço do Sul",Andamento,Encopav Engenharia Ltda,24/12/2025 a 24/12/2026,"R$ 15.089.267,64",15089267.64,24/12/2025,24/12/2026,2025,2026,365,196,AJ/CV,"Serviços emergenciais, nas faixas de domínio das rodovias estaduais pavimentadas, sob a jurisdição da 7ª Superintendência Regional do DAER/RS, sediada",15,True,False,False,False,Vigente pela data
17,"AJ/OA/024/25 - Ponte sobre o Arroio Guarda-mor, na ERS-348.",DAER - Departamento Autônomo de Estradas de Rodagem do Rio Grande do Sul,DAER,Faxinal do Soturno,Andamento,TRAÇADO CONSTRUÇÕES E SERVIÇOS LTDA,26/02/2025 a 26/02/2027,"R$ 11.774.368,32",11774368.32,26/02/2025,26/02/2027,2025,2027,730,260,AJ/OA,"Ponte sobre o Arroio Guarda-mor, na ERS-348.",1,False,False,False,False,Vigente pela data
18,"AJ/OA/031/24 - Ponte sobre o Rio Caí, localizada na VRS-843, km 1+790, no município de Feliz/RS",DAER - Departamento Autônomo de Estradas de Rodagem do Rio Grande do Sul,DAER,Feliz,Andamento,TRILHA ENGENHARIA LTDA,04/11/2024 a 30/10/2026,"R$ 14.110.976,17",14110976.17,04/11/2024,30/10/2026,2024,2026,725,141,AJ/OA,"Ponte sobre o Rio Caí, localizada na VRS-843, km 1+790, no município de Feliz/RS",1,False,False,False,False,Vigente pela data
19,"AJ/OA/032/24 - Ponte sobre o Rio Três Forquilhas, localizada na ERS-417, km 9+000.",DAER - Departamento Autônomo de Estradas de Rodagem do Rio Grande do Sul,DAER,Itati,Andamento,JB PARTICIPACOES SOCIETARIAS LTDA,12/11/2024 a 10/06/2026,"R$ 10.694.805,23",10694805.23,12/11/2024,10/06/2026,2024,2026,575,-1,AJ/OA,"Ponte sobre o Rio Três Forquilhas, localizada na ERS-417, km 9+000.",1,False,False,False,True,Encerrado pela data
20,"AJ/OA/033/24 - Rio Taquari, na ERS-431, Entr. BRS-470 (p/ Bento Gonçalves) – Santa Bárbara (São Valentim do Sul)",DAER - Departamento Autônomo de Estradas de Rodagem do Rio Grande do Sul,DAER,Taquari,Andamento,VEREDA ENGENHARIA LTDA,04/11/2024 a 30/11/2026,"R$ 31.377.667,00",31377667.0,04/11/2024,30/11/2026,2024,2026,756,172,AJ/OA,"Rio Taquari, na ERS-431, Entr. BRS-470 (p/ Bento Gonçalves) – Santa Bárbara (São Valentim do Sul)",1,False,False,False,False,Vigente pela data
21,"AJ/OA/038/24 - Ponte sobre o Arroio Marcondes, localizada na RSC-471, km 83+510, no município de Sinimbu/RS",DAER - Departamento Autônomo de Estradas de Rodagem do Rio Grande do Sul,DAER,Sinimbu,Andamento,JB PARTICIPACOES SOCIETARIAS LTDA,12/11/2024 a 12/11/2026,"R$ 8.170.592,26",8170592.26,12/11/2024,12/11/2026,2024,2026,730,154,AJ/OA,"Ponte sobre o Arroio Marcondes, localizada na RSC-471, km 83+510, no município de Sinimbu/RS",1,False,False,False,False,Vigente pela data
22,"AJ/OA/044/24 - Ponte sobre o Rio Soturno, localizada na ERS-348, km 35+300, Trecho: BRS-348 – Faxinal do Soturno",DAER - Departamento Autônomo de Estradas de Rodagem do Rio Grande do Sul,DAER,Faxinal do Soturno,Andamento,TRAÇADO CONSTRUÇÕES E SERVIÇOS LTDA,04/02/2025 a 31/03/2027,"R$ 14.700.000,00",14700000.0,04/02/2025,31/03/2027,2025,2027,785,293,AJ/OA,"Ponte sobre o Rio Soturno, localizada na ERS-348, km 35+300, Trecho: BRS-348 – Faxinal do Soturno",1,False,False,False,False,Vigente pela data
23,"AJ/OA/045/25 - PONTE SOBRE O RIO IBICUI-MIRIM JUNTO A ERS-530, KM 103+930.",DAER - Departamento Autônomo de Estradas de Rodagem do Rio Grande do Sul,DAER,Dilermando de Aguiar,Andamento,LAVORO ENGENHARIA LTDA,23/06/2025 a 22/04/2027,"R$ 6.114.746,42",6114746.42,23/06/2025,22/04/2027,2025,2027,668,315,AJ/OA,"PONTE SOBRE O RIO IBICUI-MIRIM JUNTO A ERS-530, KM 103+930.",1,False,False,False,False,Vigente pela data
24,"AJ/OA/047/25 - PONTE SOBRE O ARROIO JACARÉ, JUNTO A ERS-433, KM 7+730, TRECHO ENTR. ERS-322 (p/ARVOREZINHA) – RELVADO,",DAER - Departamento Autônomo de Estradas de Rodagem do Rio Grande do Sul,DAER,Arvorezinha,Andamento,SOCIEDADE GERAL DE EMPREITEIRAS (SOGEL),23/06/2025 a 22/04/2027,"R$ 7.448.872,97",7448872.97,23/06/2025,22/04/2027,2025,2027,668,315,AJ/OA,"PONTE SOBRE O ARROIO JACARÉ, JUNTO A ERS-433, KM 7+730, TRECHO ENTR. ERS-322 (p/ARVOREZINHA) – RELVADO,",1,False,False,False,False,Vigente pela data
25,"AJ/OA/048/24 - PONTE SOBRE O ARROIO NÃO SABIA, JUNTO A ERS-441, KM 22+734, VISTA ALEGRE DO PRATA - ENTR. ERS-355 (P/ FAGUNDES VARELA),",DAER - Departamento Autônomo de Estradas de Rodagem do Rio Grande do Sul,DAER,Vista Alegre do Prata,Andamento,TRAÇADO CONSTRUÇÕES E SERVIÇOS LTDA,22/01/2025 a 22/01/2027,"R$ 17.355.305,62",17355305.62,22/01/2025,22/01/2027,2025,2027,730,225,AJ/OA,"PONTE SOBRE O ARROIO NÃO SABIA, JUNTO A ERS-441, KM 22+734, VISTA ALEGRE DO PRATA - ENTR. ERS-355 (P/ FAGUNDES VARELA),",1,False,False,False,False,Vigente pela data
26,"AJ/OA/049/24 - PONTE SOBRE O ARROIO CAPIVARI, JUNTO A ERS-507, KM 8+100, TRECHO ENTR. ERS-566 (p/MAÇAMBARÁ) – PONTE S/ ARROIO CAPIVARI",DAER - Departamento Autônomo de Estradas de Rodagem do Rio Grande do Sul,DAER,Alegrete,Andamento,CONSTRUTORA ALEGRETENSE LTDA,04/02/2025 a 04/02/2027,"R$ 7.166.061,64",7166061.64,04/02/2025,04/02/2027,2025,2027,730,238,AJ/OA,"PONTE SOBRE O ARROIO CAPIVARI, JUNTO A ERS-507, KM 8+100, TRECHO ENTR. ERS-566 (p/MAÇAMBARÁ) – PONTE S/ ARROIO CAPIVARI",1,False,False,False,False,Vigente pela data
27,"AJ/OA/082/25 - Ponte sobre o Rio Taquari, junto a ERS-129/ERS-130, entre os Municípios de Estrela e Cruzeiro do Sul .",DAER - Departamento Autônomo de Estradas de Rodagem do Rio Grande do Sul,DAER,Estrela,Andamento,CONSTRUTORA CIDADE LTDA,05/12/2025 a 05/12/2026,"R$ 288.579.514,47",288579514.47,05/12/2025,05/12/2026,2025,2026,365,177,AJ/OA,"Ponte sobre o Rio Taquari, junto a ERS-129/ERS-130, entre os Municípios de Estrela e Cruzeiro do Sul .",1,False,False,False,False,Vigente pela data
28,AJ/OA/088/25 - Rodovia ERS-344. no Município de Santo Ângelo e Ijuí.,DAER - Departamento Autônomo de Estradas de Rodagem do Rio Grande do Sul,DAER,Santo Ângelo,Andamento,LAVORO ENGENHARIA LTDA,11/12/2025 a 11/12/2026,"R$ 22.607.846,22",22607846.22,11/12/2025,11/12/2026,2025,2026,365,183,AJ/OA,Rodovia ERS-344. no Município de Santo Ângelo e Ijuí.,1,False,False,False,False,Vigente pela data
29,AJ/PE/008/22 - Elaboração de PFE para a rodovia ERS-550,DAER - Departamento Autônomo de Estradas de Rodagem do Rio Grande do Sul,DAER,São Borja,Concluída,ECOPLAN ENGENHARIA LTDA.,01/04/2022 a 11/07/2025,"R$ 1.052.480,22",1052480.22,01/04/2022,11/07/2025,2022,2025,1197,-335,AJ/PE,Elaboração de PFE para a rodovia ERS-550,1,False,False,False,False,Encerrado pela data
30,AJ/PE/010/22 - Elaboração de PFE de Pavimentação Asfáltica das rodovias ERS-265 e ERS-702,GOVRS - Governo do Estado do Rio Grande do Sul,GOVRS,"Canguçu, Piratini",Paralisado,ECOPLAN ENGENHARIA LTDA.,01/04/2022 a 01/07/2026,"R$ 1.545.692,30",1545692.3,01/04/2022,01/07/2026,2022,2026,1552,20,AJ/PE,Elaboração de PFE de Pavimentação Asfáltica das rodovias ERS-265 e ERS-702,2,True,False,False,False,Vigente pela data
31,AJ/PE/029/21 - Elaboração de Projeto Final de Engenharia (PFE) para adequação e implantação de melhorias de segurança viária na rodovia Rota do Sol.,DAER - Departamento Autônomo de Estradas de Rodagem do Rio Grande do Sul,DAER,"Cambará do Sul, Terra de Areia",Paralisado,SD CONSULTORIA E ENGENHARIA LTDA,02/08/2021 a 05/09/2026,"R$ 577.447,70",577447.7,02/08/2021,05/09/2026,2021,2026,1860,86,AJ/PE,Elaboração de Projeto Final de Engenharia (PFE) para adequação e implantação de melhorias de segurança viária na rodovia Rota do Sol.,2,True,False,False,False,Vigente pela data
32,"AJ/PE/038/22 - Projeto Final de Engenharia de duplicação p/RSC-287,trecho 0210-Entr.ERS-509(Camobi)–Entr.BRS-158/392(A)(Santa Maria).",DAER - Departamento Autônomo de Estradas de Rodagem do Rio Grande do Sul,DAER,Santa Maria,Paralisado,ENGEMIN - ENGENHARIA E GEOLOGIA LTDA,27/09/2022 a 29/06/2026,"R$ 1.548.021,27",1548021.27,27/09/2022,29/06/2026,2022,2026,1371,18,AJ/PE,"Projeto Final de Engenharia de duplicação p/RSC-287,trecho 0210-Entr.ERS-509(Camobi)–Entr.BRS-158/392(A)(Santa Maria).",1,False,False,False,False,Vigente pela data
33,AJ/PE/041/25 - PFE para a rodovia ERS-211 (211ERS0003 e 211ERS0007),DAER - Departamento Autônomo de Estradas de Rodagem do Rio Grande do Sul,DAER,"Campinas do Sul, Ronda Alta",Andamento,ECOPLAN ENGENHARIA LTDA.,06/10/2025 a 01/10/2026,"R$ 1.061.213,23",1061213.23,06/10/2025,01/10/2026,2025,2026,360,112,AJ/PE,PFE para a rodovia ERS-211 (211ERS0003 e 211ERS0007),2,True,False,False,False,Vigente pela data
34,AJ/PE/043/21 - Elaboração de PFE para construção ponte sobre o Rio Vacacaí na rodovia ERS-149,DAER - Departamento Autônomo de Estradas de Rodagem do Rio Grande do Sul,DAER,Restinga Seca,Concluída,SD CONSULTORIA E ENGENHARIA LTDA,01/02/2022 a 21/10/2025,"R$ 344.557,98",344557.98,01/02/2022,21/10/2025,2022,2025,1358,-233,AJ/PE,Elaboração de PFE para construção ponte sobre o Rio Vacacaí na rodovia ERS-149,1,False,False,False,False,Encerrado pela data
35,"AJ/PE/053/21 - Elaboração do projeto final de engenharia da rodovia ERS-422, no trecho entre Machadinho até São José do Ouro.",DAER - Departamento Autônomo de Estradas de Rodagem do Rio Grande do Sul,DAER,"Machadinho, São José do Ouro",Paralisado,ECOPLAN ENGENHARIA LTDA.,18/10/2021 a 08/06/2028,"R$ 1.262.230,61",1262230.61,18/10/2021,08/06/2028,2021,2028,2425,728,AJ/PE,"Elaboração do projeto final de engenharia da rodovia ERS-422, no trecho entre Machadinho até São José do Ouro.",2,True,False,False,False,Vigente pela data
36,"AJ/PE/053/22 - Projeto final de engenharia para a rodovia ERS-531 (531ERS0020), trecho: Jacuizinho - Tunas, com extensão estimada de 14,00km e projeto de interseções",DAER - Departamento Autônomo de Estradas de Rodagem do Rio Grande do Sul,DAER,"Jacuizinho, Tunas",Paralisado,ECOPLAN ENGENHARIA LTDA.,06/02/2023 a 13/06/2026,"R$ 961.087,82",961087.82,06/02/2023,13/06/2026,2023,2026,1223,2,AJ/PE,"Projeto final de engenharia para a rodovia ERS-531 (531ERS0020), trecho: Jacuizinho - Tunas, com extensão estimada de 14,00km e projeto de interseções",2,True,False,False,False,Vigente pela data
37,"AJ/PE/054/22 - Projeto final de engenharia de interseções e aumento de capacidade da rodovia ERS-324,entre os km 178 e 182 (Xangri-Lá, Boqueirão e Santa Maria).",DAER - Departamento Autônomo de Estradas de Rodagem do Rio Grande do Sul,DAER,Passo Fundo,Paralisado,ECOPLAN ENGENHARIA LTDA.,06/02/2023 a 17/07/2026,"R$ 1.390.148,51",1390148.51,06/02/2023,17/07/2026,2023,2026,1257,36,AJ/PE,"Projeto final de engenharia de interseções e aumento de capacidade da rodovia ERS-324,entre os km 178 e 182 (Xangri-Lá, Boqueirão e Santa Maria).",1,False,False,False,False,Vigente pela data
38,AJ/PE/058/22 - projeto final de engenharia de obras de arte especial sobre o Rio Comandaí e sobre o Rio Lajeado Laranjeiras na rodovia BRS-392 AM 9110.,DAER - Departamento Autônomo de Estradas de Rodagem do Rio Grande do Sul,DAER,Ubiretama,Andamento,Obra de Arte Engenharia LTDA,16/01/2023 a 06/07/2026,"R$ 183.326,40",183326.4,16/01/2023,06/07/2026,2023,2026,1267,25,AJ/PE,projeto final de engenharia de obras de arte especial sobre o Rio Comandaí e sobre o Rio Lajeado Laranjeiras na rodovia BRS-392 AM 9110.,1,False,False,False,False,Vigente pela data
39,AJ/PE/077/25 - PFE de OAE,DAER - Departamento Autônomo de Estradas de Rodagem do Rio Grande do Sul,DAER,"Agudo, Dona Francisca",Andamento,FINGER ENGENHEIROS ASSOCIADOS LTDA.,14/10/2025 a 11/02/2026,"R$ 158.360,74",158360.74,14/10/2025,11/02/2026,2025,2026,120,-120,AJ/PE,PFE de OAE,2,True,False,False,True,Encerrado pela data
40,AJ/PE/094/10 - PFE rodovias ERS-437- Entr.ERS-448 (p/Nova Roma do Sul)-Entr. ERS-122(A)(Antônio Prado e ERS-448-Entr.ERS-437 (p/Antônio Prado)-Nova Roma do Sul,DAER - Departamento Autônomo de Estradas de Rodagem do Rio Grande do Sul,DAER,"Antônio Prado, Nova Roma do Sul",Paralisado,STE - SERVIÇOS TÉCNICOS DE ENGENHARIA S/A,10/10/2010 a 26/06/2026,"R$ 585.067,48",585067.48,10/10/2010,26/06/2026,2010,2026,5738,15,AJ/PE,PFE rodovias ERS-437- Entr.ERS-448 (p/Nova Roma do Sul)-Entr. ERS-122(A)(Antônio Prado e ERS-448-Entr.ERS-437 (p/Antônio Prado)-Nova Roma do Sul,2,True,False,False,False,Vigente pela data
41,"AJ/PE/106/10 - Projeto final de engenharia para ERS-428, trecho: Água Santa - Tapejara, extensão de 10,80km.",DAER - Departamento Autônomo de Estradas de Rodagem do Rio Grande do Sul,DAER,"Água Santa, Tapejara",Concluída,ENGEPLUS ENGENHARIA E CONSULTORIA LTDA,13/12/2010 a 23/12/2025,"R$ 355.744,57",355744.57,13/12/2010,23/12/2025,2010,2025,5489,-170,AJ/PE,"Projeto final de engenharia para ERS-428, trecho: Água Santa - Tapejara, extensão de 10,80km.",2,True,False,False,False,Encerrado pela data
42,AJ/PE/111-26 - Teste para medições,DAER - Departamento Autônomo de Estradas de Rodagem do Rio Grande do Sul,DAER,Porto Alegre,Andamento,ECOPLAN ENGENHARIA LTDA.,01/04/2022 a 27/03/2023,"R$ 1.004.013,04",1004013.04,01/04/2022,27/03/2023,2022,2023,360,-1172,AJ/PE,26 - Teste para medições,1,False,True,False,True,Encerrado pela data
43,"AJ/TP/001/25 - Lote 9 - Rodovia ERS-129, extensão: 27,31 km; trecho: Estrela – Roca Sales",DAER - Departamento Autônomo de Estradas de Rodagem do Rio Grande do Sul,DAER,Estrela,Andamento,TRAÇADO CONSTRUÇÕES E SERVIÇOS LTDA,07/03/2025 a 22/01/2027,"R$ 55.905.418,81",55905418.81,07/03/2025,22/01/2027,2025,2027,686,225,AJ/TP,"Lote 9 - Rodovia ERS-129, extensão: 27,31 km; trecho: Estrela – Roca Sales",1,False,False,False,False,Vigente pela data
44,AJ/TP/002/25 - Lote 1 - ERS-332 A - Trecho de Encantado à Anta Gorda,DAER - Departamento Autônomo de Estradas de Rodagem do Rio Grande do Sul,DAER,Anta Gorda,Andamento,CONSÓRCIO LCM/MATT,10/03/2025 a 22/01/2027,"R$ 93.161.532,47",93161532.47,10/03/2025,22/01/2027,2025,2027,683,225,AJ/TP,Lote 1 - ERS-332 A - Trecho de Encantado à Anta Gorda,1,False,False,False,False,Vigente pela data
45,"AJ/TP/003/25 - Lote 5 - rodovia ERS-448, da divisa do Município de Nova Roma do Sul à Ponte de Ferro sobre o Rio das Antas, com 14,73 km de extensão,",DAER - Departamento Autônomo de Estradas de Rodagem do Rio Grande do Sul,DAER,Nova Roma do Sul,Andamento,DALFOVO CONSTRUTORA LTDA,12/03/2025 a 12/03/2027,"R$ 55.199.617,98",55199617.98,12/03/2025,12/03/2027,2025,2027,730,274,AJ/TP,"Lote 5 - rodovia ERS-448, da divisa do Município de Nova Roma do Sul à Ponte de Ferro sobre o Rio das Antas, com 14,73 km de extensão,",1,False,False,False,False,Vigente pela data
46,AJ/TP/004/12 - TORQUATO SEVERO - BAGÉ,DAER - Departamento Autônomo de Estradas de Rodagem do Rio Grande do Sul,DAER,Bagé,Andamento,"ICCILA INDUSTRIA, COMERCIO E CONSTRUÇÃO IBAGÊ LTDA",03/09/2021 a 31/12/2026,"R$ 46.128.905,41",46128905.41,03/09/2021,31/12/2026,2021,2026,1945,203,AJ/TP,TORQUATO SEVERO - BAGÉ,1,False,False,False,False,Vigente pela data
47,"AJ/TP/004/25 - Lote 6, ERS-448, Trecho km 31+540 ao km 55+670, Ponte sobre o Rio das Antas até o entroncamento com a RSC-453 (para Farroupilha), com 24,13 km ext.",DAER - Departamento Autônomo de Estradas de Rodagem do Rio Grande do Sul,DAER,Farroupilha,Andamento,DALFOVO CONSTRUTORA LTDA,12/03/2025 a 22/01/2027,"R$ 62.869.019,46",62869019.46,12/03/2025,22/01/2027,2025,2027,681,225,AJ/TP,"Lote 6, ERS-448, Trecho km 31+540 ao km 55+670, Ponte sobre o Rio das Antas até o entroncamento com a RSC-453 (para Farroupilha), com 24,13 km ext.",1,False,False,False,False,Vigente pela data
48,"AJ/TP/005/25 - Lote 14, ERS-437 - Trecho do km 9+200 ao Km 16+600, em direção ao entroncamento com a ERS-448 (à Nova Roma do Sul).",DAER - Departamento Autônomo de Estradas de Rodagem do Rio Grande do Sul,DAER,Nova Roma do Sul,Andamento,SBS - ENGENHARIA E CONSTRUCOES LTDA,03/04/2025 a 03/04/2027,"R$ 68.318.439,04",68318439.04,03/04/2025,03/04/2027,2025,2027,730,296,AJ/TP,"Lote 14, ERS-437 - Trecho do km 9+200 ao Km 16+600, em direção ao entroncamento com a ERS-448 (à Nova Roma do Sul).",1,False,False,False,False,Vigente pela data
49,"AJ/TP/006/25 - Lote 2 - ERS-332, trecho do km 32,20 ao Km 92,01 em direção ao entroncamento com a BR-386 (p/ Lajeado)",DAER - Departamento Autônomo de Estradas de Rodagem do Rio Grande do Sul,DAER,Lajeado,Andamento,TRAÇADO CONSTRUÇÕES E SERVIÇOS LTDA,27/02/2025 a 22/01/2027,"R$ 107.243.067,98",107243067.98,27/02/2025,22/01/2027,2025,2027,694,225,AJ/TP,"Lote 2 - ERS-332, trecho do km 32,20 ao Km 92,01 em direção ao entroncamento com a BR-386 (p/ Lajeado)",1,False,False,False,False,Vigente pela data
50,"AJ/TP/006/26 - ERS-715, Trecho: Sentinela do Sul (Fim Trv) até Cerro Grande do Sul, Km 10,10 ao 24,28, Extensão: 14,18 km, Lote 2 .",DAER - Departamento Autônomo de Estradas de Rodagem do Rio Grande do Sul,DAER,Sentinela do Sul,Andamento,PLANATERRA TERRAPLENAGEM E PAVIMENTAÇÃO LTDA,20/04/2026 a 20/04/2027,"R$ 31.860.000,00",31860000.0,20/04/2026,20/04/2027,2026,2027,365,313,AJ/TP,"ERS-715, Trecho: Sentinela do Sul (Fim Trv) até Cerro Grande do Sul, Km 10,10 ao 24,28, Extensão: 14,18 km, Lote 2 .",1,False,False,False,False,Vigente pela data
51,"AJ/TP/007/25 - Lote 3 - ERS-431, trecho: Entr. BRS-470 (p/ Bento Gonçalves) - Santa Bárbara (São Valentim Do Sul)",DAER - Departamento Autônomo de Estradas de Rodagem do Rio Grande do Sul,DAER,Santa Bárbara do Sul,Andamento,Encopav Engenharia Ltda,28/03/2025 a 23/01/2027,"R$ 100.985.206,23",100985206.23,28/03/2025,23/01/2027,2025,2027,666,226,AJ/TP,"Lote 3 - ERS-431, trecho: Entr. BRS-470 (p/ Bento Gonçalves) - Santa Bárbara (São Valentim Do Sul)",1,False,False,False,False,Vigente pela data
52,"AJ/TP/008/25 - Lote 11- ERS- 348, no trecho entre os municípios de Agudo e Dona Francisca - km 48+740 e o km 54+360.",DAER - Departamento Autônomo de Estradas de Rodagem do Rio Grande do Sul,DAER,Dona Francisca,Andamento,TRAÇADO CONSTRUÇÕES E SERVIÇOS LTDA,10/03/2025 a 22/01/2027,"R$ 169.755.956,45",169755956.45,10/03/2025,22/01/2027,2025,2027,683,225,AJ/TP,"Lote 11- ERS- 348, no trecho entre os municípios de Agudo e Dona Francisca - km 48+740 e o km 54+360.",1,False,False,False,False,Vigente pela data
53,"AJ/TP/009/25 - Lote 12 - ERS-348, Entr. ERS-149(A) (p/ São João do Polêsine) - Entr. Dona Francisca",DAER - Departamento Autônomo de Estradas de Rodagem do Rio Grande do Sul,DAER,São João do Polêsine,Andamento,DELLA PASQUA ENGENHARIA E CONSTRUÇÕES LTDA,17/03/2025 a 17/03/2027,"R$ 33.218.981,32",33218981.32,17/03/2025,17/03/2027,2025,2027,730,279,AJ/TP,"Lote 12 - ERS-348, Entr. ERS-149(A) (p/ São João do Polêsine) - Entr. Dona Francisca",1,False,False,False,False,Vigente pela data
54,"AJ/TP/010/25 - ERS- 444, Trecho km 26,05 ao km 31,07 e km 31,07 ao km 39,33.",DAER - Departamento Autônomo de Estradas de Rodagem do Rio Grande do Sul,DAER,Bento Gonçalves,Andamento,Encopav Engenharia Ltda,28/03/2025 a 23/01/2027,"R$ 91.837.022,93",91837022.93,28/03/2025,23/01/2027,2025,2027,666,226,AJ/TP,"ERS- 444, Trecho km 26,05 ao km 31,07 e km 31,07 ao km 39,33.",1,False,False,False,False,Vigente pela data
55,"AJ/TP/011/25 - Lote 15,ERS-640, Entr. ERS-241 (P/ São Vicente do Sul) – Entr. BRS-158/290 (P/ Rosário do Sul), segmentos do km 0+000 ao km 64+230",DAER - Departamento Autônomo de Estradas de Rodagem do Rio Grande do Sul,DAER,São Vicente do Sul,Andamento,CONSTRUTORA ALEGRETENSE LTDA,24/03/2025 a 24/03/2027,"R$ 106.912.731,06",106912731.06,24/03/2025,24/03/2027,2025,2027,730,286,AJ/TP,"Lote 15,ERS-640, Entr. ERS-241 (P/ São Vicente do Sul) – Entr. BRS-158/290 (P/ Rosário do Sul), segmentos do km 0+000 ao km 64+230",1,False,False,False,False,Vigente pela data
56,"AJ/TP/012/25 - Lote 08 - Rodovia VRS-826; Extensão (km): 19,56 km; Trecho: Entr. ERS-452 (Feliz)) - Entr. ERS-122 (p/ Farroupilha),",DAER - Departamento Autônomo de Estradas de Rodagem do Rio Grande do Sul,DAER,Feliz,Andamento,COESUL CONSTR EXTREMO SUL LTDA,17/03/2025 a 17/03/2027,"R$ 55.684.265,26",55684265.26,17/03/2025,17/03/2027,2025,2027,730,279,AJ/TP,"Lote 08 - Rodovia VRS-826; Extensão (km): 19,56 km; Trecho: Entr. ERS-452 (Feliz)) - Entr. ERS-122 (p/ Farroupilha),",1,False,False,False,False,Vigente pela data
57,"AJ/TP/013/25 - Execução de obras emergenciais ERS- 452, trecho entr. ERS-122 (P/ Bom Princípio) – entr. BRS-116 (P/ Nova Palmira)",DAER - Departamento Autônomo de Estradas de Rodagem do Rio Grande do Sul,DAER,Bom Princípio,Andamento,"TONIOLO, BUSNELLO S.A. - TÚNEIS, TERRAPLENAGENS E PAVIMENTAÇÕES - EM RECUPERAÇÃO JUDICIAL",22/04/2025 a 22/01/2027,"R$ 50.569.465,33",50569465.33,22/04/2025,22/01/2027,2025,2027,640,225,AJ/TP,"Execução de obras emergenciais ERS- 452, trecho entr. ERS-122 (P/ Bom Princípio) – entr. BRS-116 (P/ Nova Palmira)",1,False,False,False,False,Vigente pela data
58,"AJ/TP/014/25 - Lote 10, ERS- 149, trecho 1: Entr. RSC-287(B) (P/ Santa Maria) - Entr. ERS-348(A) (P/ Ivorá)",DAER - Departamento Autônomo de Estradas de Rodagem do Rio Grande do Sul,DAER,Santa Maria,Andamento,CONSTR.CONTINENTAL DE SAO PAULO LTDA,17/03/2025 a 24/01/2027,"R$ 79.087.189,10",79087189.1,17/03/2025,24/01/2027,2025,2027,678,227,AJ/TP,"Lote 10, ERS- 149, trecho 1: Entr. RSC-287(B) (P/ Santa Maria) - Entr. ERS-348(A) (P/ Ivorá)",1,False,False,False,False,Vigente pela data
59,"AJ/TP/015/25 - Lote 13 - ERS-437, do Entroncamento com a BR-470 em Vila Flores (km 0,00) até o km 9,20.",DAER - Departamento Autônomo de Estradas de Rodagem do Rio Grande do Sul,DAER,Vila Flores,Andamento,MATT CONSTRUTORA LTDA,10/03/2025 a 10/03/2027,"R$ 61.855.420,18",61855420.18,10/03/2025,10/03/2027,2025,2027,730,272,AJ/TP,"Lote 13 - ERS-437, do Entroncamento com a BR-470 em Vila Flores (km 0,00) até o km 9,20.",1,False,False,False,False,Vigente pela data
60,AJ/TP/018/22 - EXECUÇÃO DE SERVIÇOS ERS-118 ENTR BR-116 SAPUCAIA DO SUL ENTR 290 GRAVATAI,DAER - Departamento Autônomo de Estradas de Rodagem do Rio Grande do Sul,DAER,"Gravataí, Sapucaia do Sul",Andamento,SULTEPA CONSTRUÇÕES E COMÉRCIO LTDA.,01/06/2022 a 30/04/2026,"R$ 67.779.885,16",67779885.16,01/06/2022,30/04/2026,2022,2026,1429,-42,AJ/TP,EXECUÇÃO DE SERVIÇOS ERS-118 ENTR BR-116 SAPUCAIA DO SUL ENTR 290 GRAVATAI,2,True,False,False,True,Encerrado pela data
61,"AJ/TP/019/26 - As obras e/ou serviços de engenharia serão executados na BRS-386, Trecho: BRS-386-Acesso São Pedro das Missões (SRE:386BRS9180), com ext. de 6,171 Km.",DAER - Departamento Autônomo de Estradas de Rodagem do Rio Grande do Sul,DAER,São Pedro das Missões,Andamento,CONSTRUBRAS CONSTRUTORA LTDA,05/05/2026 a 05/05/2027,"R$ 19.233.182,00",19233182.0,05/05/2026,05/05/2027,2026,2027,365,328,AJ/TP,"As obras e/ou serviços de engenharia serão executados na BRS-386, Trecho: BRS-386-Acesso São Pedro das Missões (SRE:386BRS9180), com ext. de 6,171 Km.",1,False,False,False,False,Vigente pela data
62,AJ/TP/020/12 - SÃO BENTO TESOURAS,DAER - Departamento Autônomo de Estradas de Rodagem do Rio Grande do Sul,DAER,Aceguá,Andamento,ECEN – EMPRESA DE CONSTRUÇÃO E ENGENHARIA LTDA,05/09/2022 a 31/12/2025,"R$ 44.289.510,38",44289510.38,05/09/2022,31/12/2025,2022,2025,1213,-162,AJ/TP,SÃO BENTO TESOURAS,1,False,False,False,True,Encerrado pela data
63,AJ/TP/020/22 - Rodovia ERS-305 Trecho Entr. ERS/342 (Horizontina) Entr. ERS/207 (Crissiumal),DAER - Departamento Autônomo de Estradas de Rodagem do Rio Grande do Sul,DAER,Crissiumal,Andamento,SBS - ENGENHARIA E CONSTRUCOES LTDA,24/05/2022 a 24/05/2023,"R$ 0,00",0.0,24/05/2022,24/05/2023,2022,2023,365,-1114,AJ/TP,Rodovia ERS-305 Trecho Entr. ERS/342 (Horizontina) Entr. ERS/207 (Crissiumal),1,False,False,True,True,Encerrado pela data
64,AJ/TP/020/23 - ERS-734 ENTR 392 TRAVESSIA URBANA DE RIO GRANDE,DAER - Departamento Autônomo de Estradas de Rodagem do Rio Grande do Sul,DAER,"Capão do Leão, Rio Grande",Andamento,SBS - ENGENHARIA E CONSTRUCOES LTDA,24/08/2023 a 09/06/2026,"R$ 53.356.169,15",53356169.15,24/08/2023,09/06/2026,2023,2026,1020,-2,AJ/TP,ERS-734 ENTR 392 TRAVESSIA URBANA DE RIO GRANDE,2,True,False,False,True,Encerrado pela data
65,"AJ/TP/020/26 - Rodovia ERS-483, Trecho: Entre Rios do Sul-Cruzaltense, Segmento: km 17,20 ao km 35,57, extensão 18,37km (SRE:483ERS0020),",DAER - Departamento Autônomo de Estradas de Rodagem do Rio Grande do Sul,DAER,Cruzaltense,Andamento,CONSTRUBRAS CONSTRUTORA LTDA,05/05/2026 a 27/09/2027,"R$ 52.044.000,00",52044000.0,05/05/2026,27/09/2027,2026,2027,510,473,AJ/TP,"Rodovia ERS-483, Trecho: Entre Rios do Sul-Cruzaltense, Segmento: km 17,20 ao km 35,57, extensão 18,37km (SRE:483ERS0020),",1,False,False,False,False,Vigente pela data
66,"AJ/TP/030/25 - RSC-453 e ERS-486, trecho: entr. ERS-020(A) (p/ Tainhas) – entr. BRS-101 (Terra de Areia), segmento: RSC-453 - km 240+260 ao km 255+770",DAER - Departamento Autônomo de Estradas de Rodagem do Rio Grande do Sul,DAER,Terra de Areia,Andamento,SULTEPA CONSTRUÇÕES E COMÉRCIO LTDA.,24/06/2025 a 24/06/2026,"R$ 139.359.131,57",139359131.57,24/06/2025,24/06/2026,2025,2026,365,13,AJ/TP,"RSC-453 e ERS-486, trecho: entr. ERS-020(A) (p/ Tainhas) – entr. BRS-101 (Terra de Areia), segmento: RSC-453 - km 240+260 ao km 255+770",1,False,False,False,False,Vigente pela data
67,AJ/TP/033/22 - ENTR. BRS/101 - BACOPARI - MOSTARDAS - PALMARES DO SUL - TAVARES,DAER - Departamento Autônomo de Estradas de Rodagem do Rio Grande do Sul,DAER,Mostardas,Andamento,MAC ENGENHARIA LTDA,23/09/2022 a 19/01/2027,"R$ 167.605.331,55",167605331.55,23/09/2022,19/01/2027,2022,2027,1579,222,AJ/TP,ENTR. BRS/101 - BACOPARI - MOSTARDAS - PALMARES DO SUL - TAVARES,1,False,False,False,False,Vigente pela data
68,"AJ/TP/038/25 - Lote 16 - ERS-415, entre o km 0+000 e km 7+580 (Trecho 01) e o km 0+000 ao km 1+790 (Trecho 02)",DAER - Departamento Autônomo de Estradas de Rodagem do Rio Grande do Sul,DAER,Bom Princípio,Andamento,CONTRUTORA E PAVIMENTADORA PAVICON LTDA.,24/06/2025 a 24/06/2026,"R$ 23.684.785,73",23684785.73,24/06/2025,24/06/2026,2025,2026,365,13,AJ/TP,"Lote 16 - ERS-415, entre o km 0+000 e km 7+580 (Trecho 01) e o km 0+000 ao km 1+790 (Trecho 02)",1,False,False,False,False,Vigente pela data
69,AJ/TP/040/25 - Obras de requalificação e reabilitação funcional da Estação Rodoviária de Porto Alegre – ERPA,DAER - Departamento Autônomo de Estradas de Rodagem do Rio Grande do Sul,DAER,Porto Alegre,Andamento,NACON ENGENHARIA LTDA,05/06/2025 a 05/06/2026,"R$ 19.684.083,94",19684083.94,05/06/2025,05/06/2026,2025,2026,365,-6,AJ/TP,Obras de requalificação e reabilitação funcional da Estação Rodoviária de Porto Alegre – ERPA,1,False,False,False,True,Encerrado pela data
70,AJ/TP/041/13 - ERS-344 (GIRUÁ) - SENADOR SALGADO FILHO,DAER - Departamento Autônomo de Estradas de Rodagem do Rio Grande do Sul,DAER,Giruá,Andamento,CONTERRA CONSTR. E TERRAPLENAGENS LTDA,07/10/2021 a 31/12/2026,"R$ 25.841.011,86",25841011.86,07/10/2021,31/12/2026,2021,2026,1911,203,AJ/TP,ERS-344 (GIRUÁ) - SENADOR SALGADO FILHO,1,False,False,False,False,Vigente pela data
71,"AJ/TP/043/24 - Rodovia ERS-176, trecho Manoel Viana – Sobradinho – BRS-287, subtrecho km 0+000 ao km 36+000 (Lote 1), com extensão de 36,000km,",DAER - Departamento Autônomo de Estradas de Rodagem do Rio Grande do Sul,DAER,Manoel Viana,Andamento,CONSTRUTORA ALEGRETENSE LTDA,03/02/2025 a 03/02/2026,"R$ 69.998.983,49",69998983.49,03/02/2025,03/02/2026,2025,2026,365,-128,AJ/TP,"Rodovia ERS-176, trecho Manoel Viana – Sobradinho – BRS-287, subtrecho km 0+000 ao km 36+000 (Lote 1), com extensão de 36,000km,",1,False,False,False,True,Encerrado pela data
72,AJ/TP/048/11 - VIAMÃO - LAMI,DAER - Departamento Autônomo de Estradas de Rodagem do Rio Grande do Sul,DAER,Viamão,Andamento,COESUL CONSTR EXTREMO SUL LTDA,30/08/2021 a 31/12/2025,"R$ 52.685.006,98",52685006.98,30/08/2021,31/12/2025,2021,2025,1584,-162,AJ/TP,VIAMÃO - LAMI,1,False,False,False,True,Encerrado pela data
73,AJ/TP/048/22 - VILA ITAPUÃ - HOSPITAL ITAPUÃ,DAER - Departamento Autônomo de Estradas de Rodagem do Rio Grande do Sul,DAER,Viamão,Andamento,Encopav Engenharia Ltda,27/10/2022 a 31/03/2026,"R$ 14.077.889,43",14077889.43,27/10/2022,31/03/2026,2022,2026,1251,-72,AJ/TP,VILA ITAPUÃ - HOSPITAL ITAPUÃ,1,False,False,False,True,Encerrado pela data
74,"AJ/TP/052/25 - ERS-524, trecho Quevedos (Final do calçamento) - Entr. VRS-305 (Toropi), extensão de 27,665 km.",DAER - Departamento Autônomo de Estradas de Rodagem do Rio Grande do Sul,DAER,Quevedos,Andamento,CONSTR.CONTINENTAL DE SAO PAULO LTDA,15/08/2025 a 06/02/2027,"R$ 96.328.286,69",96328286.69,15/08/2025,06/02/2027,2025,2027,540,240,AJ/TP,"ERS-524, trecho Quevedos (Final do calçamento) - Entr. VRS-305 (Toropi), extensão de 27,665 km.",1,False,False,False,False,Vigente pela data
75,"AJ/TP/053/25 - entroncamento BRS/468 – Sede Nova, extensão: 8,81 km.",DAER - Departamento Autônomo de Estradas de Rodagem do Rio Grande do Sul,DAER,Sede Nova,Andamento,CONSTR.CONTINENTAL DE SAO PAULO LTDA,15/08/2025 a 07/09/2026,"R$ 16.398.360,00",16398360.0,15/08/2025,07/09/2026,2025,2026,388,88,AJ/TP,"entroncamento BRS/468 – Sede Nova, extensão: 8,81 km.",1,False,False,False,False,Vigente pela data
76,AJ/TP/055/12 - Rodov.ERS-168 (São Luiz Gonzaga) Entr.BRS-392 (Cerro Largo). LOTE 01 - Rolador -Entr. BRS-392 (Cerro Largo) LOTE 02,DAER - Departamento Autônomo de Estradas de Rodagem do Rio Grande do Sul,DAER,São Luiz Gonzaga,Andamento,CONTERRA CONSTR. E TERRAPLENAGENS LTDA,15/04/2013 a 31/12/2026,"R$ 24.256.347,26",24256347.26,15/04/2013,31/12/2026,2013,2026,5008,203,AJ/TP,Rodov.ERS-168 (São Luiz Gonzaga) Entr.BRS-392 (Cerro Largo). LOTE 01 - Rolador -Entr. BRS-392 (Cerro Largo) LOTE 02,1,False,False,False,False,Vigente pela data
77,"AJ/TP/056/25 - Contratação de empresa especializada para prestação de serviços de apoio técnico ao DAER, na fiscalização e controle de qualidade dos estudos, Lote 1",DAER - Departamento Autônomo de Estradas de Rodagem do Rio Grande do Sul,DAER,Porto Alegre,Andamento,ENECON S/A ENGENHEIROS E ECONOM CONSULT,24/07/2025 a 24/07/2026,"R$ 22.179.910,63",22179910.63,24/07/2025,24/07/2026,2025,2026,365,43,AJ/TP,"Contratação de empresa especializada para prestação de serviços de apoio técnico ao DAER, na fiscalização e controle de qualidade dos estudos, Lote 1",1,False,False,False,False,Vigente pela data
78,"AJ/TP/057/14 - Rodovia ERS-165, Trecho: Rolador (KM 23+820) Entr. BRS- 392 (KM 36+480 P/Cerro Largo), com extensão 12,660km.",DAER - Departamento Autônomo de Estradas de Rodagem do Rio Grande do Sul,DAER,Santa Rosa,Andamento,CONTERRA CONSTR. E TERRAPLENAGENS LTDA,15/09/2014 a 31/12/2026,"R$ 15.355.468,09",15355468.09,15/09/2014,31/12/2026,2014,2026,4490,203,AJ/TP,"Rodovia ERS-165, Trecho: Rolador (KM 23+820) Entr. BRS- 392 (KM 36+480 P/Cerro Largo), com extensão 12,660km.",1,False,False,False,False,Vigente pela data
79,"AJ/TP/057/25 - Prestação de apoio técnico ao DAER, na fiscalização e controle de qualidade dos estudos e projetos da Pontes e Rodovias do Lote 02",DAER - Departamento Autônomo de Estradas de Rodagem do Rio Grande do Sul,DAER,Porto Alegre,Andamento,STE - SERVIÇOS TÉCNICOS DE ENGENHARIA S/A,24/07/2025 a 24/07/2026,"R$ 24.846.812,34",24846812.34,24/07/2025,24/07/2026,2025,2026,365,43,AJ/TP,"Prestação de apoio técnico ao DAER, na fiscalização e controle de qualidade dos estudos e projetos da Pontes e Rodovias do Lote 02",1,False,False,False,False,Vigente pela data
80,"AJ/TP/058/25 - Supervisão e gerenciamento de projetos e obras no âmbito da jurisdição das superintendências regionais do DAER, LOTE 03.",DAER - Departamento Autônomo de Estradas de Rodagem do Rio Grande do Sul,DAER,Água Santa,Andamento,ENECON S/A ENGENHEIROS E ECONOM CONSULT,24/07/2025 a 24/07/2026,"R$ 22.205.208,81",22205208.81,24/07/2025,24/07/2026,2025,2026,365,43,AJ/TP,"Supervisão e gerenciamento de projetos e obras no âmbito da jurisdição das superintendências regionais do DAER, LOTE 03.",1,False,False,False,False,Vigente pela data
81,"AJ/TP/059/25 - ERS-403, trecho: Cachoeira do Sul – Rio Pardo, Lote 02",DAER - Departamento Autônomo de Estradas de Rodagem do Rio Grande do Sul,DAER,Rio Pardo,Andamento,CONPASUL CONSTRUÇÃO E SERVIÇOS LTDA,09/09/2025 a 09/09/2026,"R$ 13.827.071,78",13827071.78,09/09/2025,09/09/2026,2025,2026,365,90,AJ/TP,"ERS-403, trecho: Cachoeira do Sul – Rio Pardo, Lote 02",1,False,False,False,False,Vigente pela data
82,"AJ/TP/062/25 - rodovia do Lote 19 - ERS-431, entre o km 22+850 e km 43+020, que interliga os municípios de Dois Lajeados e São Valentim do Sul.",DAER - Departamento Autônomo de Estradas de Rodagem do Rio Grande do Sul,DAER,Dois Lajeados,Andamento,CONSTRUTORA GIOVANELLA LTDA,22/09/2025 a 22/09/2026,"R$ 84.822.056,74",84822056.74,22/09/2025,22/09/2026,2025,2026,365,103,AJ/TP,"rodovia do Lote 19 - ERS-431, entre o km 22+850 e km 43+020, que interliga os municípios de Dois Lajeados e São Valentim do Sul.",1,False,False,False,False,Vigente pela data
83,"AJ/TP/063/25 - Lote 18 - ERS-433, entre o km 0+000 e km 16+600, trecho que conecta a Entr. com a ERS-332 (para Arvorezinha) até Relvado.",DAER - Departamento Autônomo de Estradas de Rodagem do Rio Grande do Sul,DAER,Relvado,Andamento,CONSTRUTORA GIOVANELLA LTDA,18/09/2025 a 18/09/2026,"R$ 77.640.630,59",77640630.59,18/09/2025,18/09/2026,2025,2026,365,99,AJ/TP,"Lote 18 - ERS-433, entre o km 0+000 e km 16+600, trecho que conecta a Entr. com a ERS-332 (para Arvorezinha) até Relvado.",1,False,False,False,False,Vigente pela data
84,AJ/TP/064/14 - SEGREDO - LAGOÃO -,DAER - Departamento Autônomo de Estradas de Rodagem do Rio Grande do Sul,DAER,Segredo,Andamento,DALFOVO CONSTRUTORA LTDA,31/03/2023 a 14/01/2026,"R$ 42.310.960,39",42310960.39,31/03/2023,14/01/2026,2023,2026,1020,-148,AJ/TP,SEGREDO - LAGOÃO -,1,False,False,False,True,Encerrado pela data
85,"AJ/TP/067/25 - Qualificação viária da rodovia do Lote 20- RSC-453, no trecho que conecta a Entr. ERS-122 (B) (Caxias do Sul) - Entr. ERS-476 (Lajeado Grande), abrang",DAER - Departamento Autônomo de Estradas de Rodagem do Rio Grande do Sul,DAER,Caxias do Sul,Andamento,Encopav Engenharia Ltda,29/09/2025 a 29/09/2026,"R$ 136.787.583,95",136787583.95,29/09/2025,29/09/2026,2025,2026,365,110,AJ/TP,"Qualificação viária da rodovia do Lote 20- RSC-453, no trecho que conecta a Entr. ERS-122 (B) (Caxias do Sul) - Entr. ERS-476 (Lajeado Grande), abrang",1,False,False,False,False,Vigente pela data
86,"AJ/TP/068/25 - Lote 22- VRS-840, que interliga os municípios de Ivoti e Lindolfo Collor, abrangendo o trecho entre o km 0+000 e km 7+790.",DAER - Departamento Autônomo de Estradas de Rodagem do Rio Grande do Sul,DAER,Ivoti,Andamento,CONTRUTORA E PAVIMENTADORA PAVICON LTDA.,29/09/2025 a 29/09/2026,"R$ 14.737.535,75",14737535.75,29/09/2025,29/09/2026,2025,2026,365,110,AJ/TP,"Lote 22- VRS-840, que interliga os municípios de Ivoti e Lindolfo Collor, abrangendo o trecho entre o km 0+000 e km 7+790.",1,False,False,False,False,Vigente pela data
87,AJ/TP/069/17 - EXECUÇÃO DE OBRAS DE RESTAURAÇÃO E REMANESCENTES DA DUPLICAÇÃO DA ERS-118,DAER - Departamento Autônomo de Estradas de Rodagem do Rio Grande do Sul,DAER,Gravataí,Andamento,SULTEPA CONSTRUÇÕES E COMÉRCIO LTDA.,30/11/2017 a 31/12/2026,"R$ 104.166.801,74",104166801.74,30/11/2017,31/12/2026,2017,2026,3318,203,AJ/TP,EXECUÇÃO DE OBRAS DE RESTAURAÇÃO E REMANESCENTES DA DUPLICAÇÃO DA ERS-118,1,False,False,False,False,Vigente pela data
88,"AJ/TP/069/25 - Lote 23 - VRS-873, que interliga os municípios de Morro Reuter a Santa Maria do Herval, abrangendo o trecho entre o km 0+000 e km 13+870.",DAER - Departamento Autônomo de Estradas de Rodagem do Rio Grande do Sul,DAER,Morro Reuter,Andamento,CONPASUL CONSTRUÇÃO E SERVIÇOS LTDA,29/09/2025 a 29/09/2026,"R$ 39.383.098,93",39383098.93,29/09/2025,29/09/2026,2025,2026,365,110,AJ/TP,"Lote 23 - VRS-873, que interliga os municípios de Morro Reuter a Santa Maria do Herval, abrangendo o trecho entre o km 0+000 e km 13+870.",1,False,False,False,False,Vigente pela data
89,"AJ/TP/070/25 - Lote 26, no trecho compreendido entre o entroncamento com a ERS-239 e acesso ao município de Três Coroas, do km 48+690 ao km 67+180",DAER - Departamento Autônomo de Estradas de Rodagem do Rio Grande do Sul,DAER,Três Coroas,Andamento,DOBIL ENGENHARIA LTDA,29/09/2025 a 29/09/2026,"R$ 63.849.233,55",63849233.55,29/09/2025,29/09/2026,2025,2026,365,110,AJ/TP,"Lote 26, no trecho compreendido entre o entroncamento com a ERS-239 e acesso ao município de Três Coroas, do km 48+690 ao km 67+180",1,False,False,False,False,Vigente pela data
90,"AJ/TP/071/25 - Lote 21- RSC-453, trecho Entr. ERS-476 (Lajeado Grande) - Entr. ERS-020(A) (P/Tainhas).",DAER - Departamento Autônomo de Estradas de Rodagem do Rio Grande do Sul,DAER,Lajeado,Andamento,MAC ENGENHARIA LTDA,07/10/2025 a 07/10/2026,"R$ 113.602.899,14",113602899.14,07/10/2025,07/10/2026,2025,2026,365,118,AJ/TP,"Lote 21- RSC-453, trecho Entr. ERS-476 (Lajeado Grande) - Entr. ERS-020(A) (P/Tainhas).",1,False,False,False,False,Vigente pela data
91,"AJ/TP/073/25 - Lote 27 - ERS-425, trecho: Nova Bréscia (fim trv) – entr. ERS-332 (p/ Encantado), segmt. km 12+440 ao km 24+650, trecho na região do Vale do Taquari",DAER - Departamento Autônomo de Estradas de Rodagem do Rio Grande do Sul,DAER,Nova Bréscia,Andamento,MATT CONSTRUTORA LTDA,29/09/2025 a 29/09/2026,"R$ 43.578.320,22",43578320.22,29/09/2025,29/09/2026,2025,2026,365,110,AJ/TP,"Lote 27 - ERS-425, trecho: Nova Bréscia (fim trv) – entr. ERS-332 (p/ Encantado), segmt. km 12+440 ao km 24+650, trecho na região do Vale do Taquari",1,False,False,False,False,Vigente pela data
92,"AJ/TP/074/25 - Lote 28 Rodovia ERS-373, trecho entre Entr. ERS-115 (Várzea Grande – Gramado) e Serra Grande (Gramado).",DAER - Departamento Autônomo de Estradas de Rodagem do Rio Grande do Sul,DAER,Gramado,Andamento,RIOSUL PAVIMENTADORA E CONSTRUTORA LTDA,29/09/2025 a 29/09/2026,"R$ 19.350.000,00",19350000.0,29/09/2025,29/09/2026,2025,2026,365,110,AJ/TP,"Lote 28 Rodovia ERS-373, trecho entre Entr. ERS-115 (Várzea Grande – Gramado) e Serra Grande (Gramado).",1,False,False,False,False,Vigente pela data
93,"AJ/TP/075/25 - Rodovia VRS-858, Lote 29, no trecho compreendido entre o entroncamento com a RSC-287 (acesso a Candelária) e a localidade de Linha do Rio.",DAER - Departamento Autônomo de Estradas de Rodagem do Rio Grande do Sul,DAER,Candelária,Andamento,RGS ENGENHARIA S.A,29/09/2025 a 29/09/2026,"R$ 55.378.629,19",55378629.19,29/09/2025,29/09/2026,2025,2026,365,110,AJ/TP,"Rodovia VRS-858, Lote 29, no trecho compreendido entre o entroncamento com a RSC-287 (acesso a Candelária) e a localidade de Linha do Rio.",1,False,False,False,False,Vigente pela data
94,"AJ/TP/076/25 - Rodovia ERS-550, Trecho: Entr. BRS-472 (p/ São Borja) – Entr. ERS-561(p/ São Nicolau), com extensão de 23,40.",DAER - Departamento Autônomo de Estradas de Rodagem do Rio Grande do Sul,DAER,São Nicolau,Andamento,R. SCHAEFFER CONSTRUÇÕES LTDA,24/09/2025 a 14/09/2027,"R$ 78.245.741,37",78245741.37,24/09/2025,14/09/2027,2025,2027,720,460,AJ/TP,"Rodovia ERS-550, Trecho: Entr. BRS-472 (p/ São Borja) – Entr. ERS-561(p/ São Nicolau), com extensão de 23,40.",1,False,False,False,False,Vigente pela data
95,"AJ/TP/079/25 - Trecho: Entr. ERS-702 (Cancelão) Entr. BRS-392(A) (p/ Santana da Boa Vista)- Lote 1, Extensão: 10,00 km.",DAER - Departamento Autônomo de Estradas de Rodagem do Rio Grande do Sul,DAER,Canguçu,Andamento,CONSTRUTORAPELOTENSELTDA,26/11/2025 a 26/11/2026,"R$ 35.230.000,06",35230000.06,26/11/2025,26/11/2026,2025,2026,365,168,AJ/TP,"Trecho: Entr. ERS-702 (Cancelão) Entr. BRS-392(A) (p/ Santana da Boa Vista)- Lote 1, Extensão: 10,00 km.",1,False,False,False,False,Vigente pela data
96,"AJ/TP/083/25 - Rodovias ERS-124 Trecho Harmonia -ERS-240 - Montenegro-ERS-124 - São Sebastião do Caí, LOTE 30.",DAER - Departamento Autônomo de Estradas de Rodagem do Rio Grande do Sul,DAER,Montenegro,Andamento,PLANATERRA TERRAPLENAGEM E PAVIMENTAÇÃO LTDA,10/12/2025 a 10/12/2026,"R$ 46.958.131,24",46958131.24,10/12/2025,10/12/2026,2025,2026,365,182,AJ/TP,"Rodovias ERS-124 Trecho Harmonia -ERS-240 - Montenegro-ERS-124 - São Sebastião do Caí, LOTE 30.",1,False,False,False,False,Vigente pela data
97,"AJ/TP/084/25 - Lote 32 Rodovia ERS-355 Entre BRS-470 (Vila Flores) e ERS-441 (Vista Alegre do Prata),",DAER - Departamento Autônomo de Estradas de Rodagem do Rio Grande do Sul,DAER,Vila Flores,Andamento,CONCRESUL ENGENHARIA LTDA,10/12/2025 a 10/12/2026,"R$ 56.059.714,98",56059714.98,10/12/2025,10/12/2026,2025,2026,365,182,AJ/TP,"Lote 32 Rodovia ERS-355 Entre BRS-470 (Vila Flores) e ERS-441 (Vista Alegre do Prata),",1,False,False,False,False,Vigente pela data
98,AJ/TP/085/25 - lote 33 Rodovia ERS-305 sob o trecho compreendido entre o entr. ERS-342 (Horizontina) (Vila Cascata),DAER - Departamento Autônomo de Estradas de Rodagem do Rio Grande do Sul,DAER,Horizontina,Andamento,CARPENEDO & CIA LTDA,10/12/2025 a 10/12/2026,"R$ 28.873.702,52",28873702.52,10/12/2025,10/12/2026,2025,2026,365,182,AJ/TP,lote 33 Rodovia ERS-305 sob o trecho compreendido entre o entr. ERS-342 (Horizontina) (Vila Cascata),1,False,False,False,False,Vigente pela data
99,AJ/TP/086/25 - Lote 31 na Rodovia RSC-453 trecho (Westflália) entr. VSR-863 (Imigrante).,DAER - Departamento Autônomo de Estradas de Rodagem do Rio Grande do Sul,DAER,Imigrante,Andamento,PLANO NORTE ENGENHARIA LTDA,10/12/2025 a 10/12/2026,"R$ 14.474.396,15",14474396.15,10/12/2025,10/12/2026,2025,2026,365,182,AJ/TP,Lote 31 na Rodovia RSC-453 trecho (Westflália) entr. VSR-863 (Imigrante).,1,False,False,False,False,Vigente pela data
100,AJ/TP/087/09 - ENTR. ERS/527 (TUPANCIRETÃ) - ENTR. RSC/377 (SANTA TECLA),DAER - Departamento Autônomo de Estradas de Rodagem do Rio Grande do Sul,DAER,Tupanciretã,Andamento,BGSE CONSTRUCOES LTDA,12/03/2010 a 31/12/2026,"R$ 144.493.754,83",144493754.83,12/03/2010,31/12/2026,2010,2026,6138,203,AJ/TP,ENTR. ERS/527 (TUPANCIRETÃ) - ENTR. RSC/377 (SANTA TECLA),1,False,False,False,False,Vigente pela data
101,"AJ/TP/087/25 - Rodovias ERS-241, no Trecho São Francisco de Assis - Várzea do Rio Jaguari, LOTE 34",DAER - Departamento Autônomo de Estradas de Rodagem do Rio Grande do Sul,DAER,São Francisco de Assis,Andamento,CONSTRUTORA ALEGRETENSE LTDA,10/12/2025 a 10/12/2026,"R$ 80.072.454,15",80072454.15,10/12/2025,10/12/2026,2025,2026,365,182,AJ/TP,"Rodovias ERS-241, no Trecho São Francisco de Assis - Várzea do Rio Jaguari, LOTE 34",1,False,False,False,False,Vigente pela data
102,AJ/TP/121/10-22 - ALEGRETE MAÇAMBARÁ,DAER - Departamento Autônomo de Estradas de Rodagem do Rio Grande do Sul,DAER,Alegrete,Andamento,CONSTRUTORA ALEGRETENSE LTDA,23/06/2023 a 15/09/2024,"R$ 52.000.000,00",52000000.0,23/06/2023,15/09/2024,2023,2024,450,-634,AJ/TP,22 - ALEGRETE MAÇAMBARÁ,1,False,False,False,True,Encerrado pela data
103,AJ/TP/135/10 - SERRA GRANDE - SANTA MARIA DO HERVAL,DAER - Departamento Autônomo de Estradas de Rodagem do Rio Grande do Sul,DAER,"Gramado, Santa Maria do Herval",Andamento,CONSTRUTORAPELOTENSELTDA,17/12/2021 a 01/12/2026,"R$ 44.851.628,86",44851628.86,17/12/2021,01/12/2026,2021,2026,1810,173,AJ/TP,SERRA GRANDE - SANTA MARIA DO HERVAL,2,True,False,False,False,Vigente pela data
104,AJ/TP/136/10 - ENTR. BRS-116 (SAPUCAIA DO SUL) - ENTR. BRS-290 (GRAVATAI),DAER - Departamento Autônomo de Estradas de Rodagem do Rio Grande do Sul,DAER,Sapucaia do Sul,Andamento,SULTEPA CONSTRUÇÕES E COMÉRCIO LTDA.,20/12/2010 a 31/12/2026,"R$ 79.312.472,72",79312472.72,20/12/2010,31/12/2026,2010,2026,5855,203,AJ/TP,ENTR. BRS-116 (SAPUCAIA DO SUL) - ENTR. BRS-290 (GRAVATAI),1,False,False,False,False,Vigente pela data
105,PJ/TP/009/90 - TAINHAS - CAMBARÁ DO SUL E ACESSO AO ITAIMBEZINHO,DAER - Departamento Autônomo de Estradas de Rodagem do Rio Grande do Sul,DAER,Cambará do Sul,Andamento,CONSTRUTORA SULTEPA S/A,07/06/2024 a 31/12/2027,"R$ 135.334.738,28",135334738.28,07/06/2024,31/12/2027,2024,2027,1302,568,PJ/TP,TAINHAS - CAMBARÁ DO SUL E ACESSO AO ITAIMBEZINHO,1,False,False,False,False,Vigente pela data
106,PJ/TP/057/94 - Rodovia RS/410 Trecho Candelária Bexiga,DAER - Departamento Autônomo de Estradas de Rodagem do Rio Grande do Sul,DAER,Candelária,Andamento,RGS ENGENHARIA S.A,18/07/2025 a 24/06/2027,"R$ 40.341.415,22",40341415.22,18/07/2025,24/06/2027,2025,2027,706,378,PJ/TP,Rodovia RS/410 Trecho Candelária Bexiga,1,False,False,False,False,Vigente pela data
107,PJ/TP/102/98 - FINAL ZONA URBANA (AMARAL FERRADOR) - ENTRONCAMENTO BR/116,DAER - Departamento Autônomo de Estradas de Rodagem do Rio Grande do Sul,DAER,"Amaral Ferrador, Santa Maria",Andamento,DOBIL ENGENHARIA LTDA,11/10/2023 a 31/10/2026,"R$ 50.575.325,87",50575325.87,11/10/2023,31/10/2026,2023,2026,1116,142,PJ/TP,FINAL ZONA URBANA (AMARAL FERRADOR) - ENTRONCAMENTO BR/116,2,True,False,False,False,Vigente pela data
108,PJ/TP/127/01 - Rodovia RS/305 no Trecho HORIZONTINA - CRISSIUMAL.,DAER - Departamento Autônomo de Estradas de Rodagem do Rio Grande do Sul,DAER,Horizontina,Andamento,SBS - ENGENHARIA E CONSTRUCOES LTDA,18/02/2022 a 30/04/2026,"R$ 25.672.261,61",25672261.61,18/02/2022,30/04/2026,2022,2026,1532,-42,PJ/TP,Rodovia RS/305 no Trecho HORIZONTINA - CRISSIUMAL.,1,False,False,False,True,Encerrado pela data
109,PJ/TP/127/98 - São Martinho da Serra - Entroncamento BR/287 Santa Maria,DAER - Departamento Autônomo de Estradas de Rodagem do Rio Grande do Sul,DAER,Santa Maria,Andamento,CONSTR.CONTINENTAL DE SAO PAULO LTDA,02/09/2021 a 25/06/2026,"R$ 30.598.600,25",30598600.25,02/09/2021,25/06/2026,2021,2026,1757,14,PJ/TP,São Martinho da Serra - Entroncamento BR/287 Santa Maria,1,False,False,False,False,Vigente pela data
110,"PJ/TP/131/98 - Execução nos Trechos São Pedro do Sul - BR/327, no Municipio de Dilermano Aguiar",DAER - Departamento Autônomo de Estradas de Rodagem do Rio Grande do Sul,DAER,Dilermando de Aguiar,Andamento,CONSTR.CONTINENTAL DE SAO PAULO LTDA,09/08/2022 a 08/08/2026,"R$ 54.951.699,23",54951699.23,09/08/2022,08/08/2026,2022,2026,1460,58,PJ/TP,"Execução nos Trechos São Pedro do Sul - BR/327, no Municipio de Dilermano Aguiar",1,False,False,False,False,Vigente pela data
111,"PJ/TP/142/98 - RODOVIA ERS/492, TRECHO: TUPANCI DO SUL, COM EXTENSÃO DE 18,320 KM E RODOVIA ERS/465, TRECHO: SANTO EXPEDITO DO SUL, COM EXTENSÃO DE 10,163 KM.",DAER - Departamento Autônomo de Estradas de Rodagem do Rio Grande do Sul,DAER,"Santo Expedito do Sul, Tupanci do Sul",Andamento,RGS ENGENHARIA S.A,09/02/2026 a 12/10/2026,"R$ 28.217.552,97",28217552.97,09/02/2026,12/10/2026,2026,2026,245,123,PJ/TP,"RODOVIA ERS/492, TRECHO: TUPANCI DO SUL, COM EXTENSÃO DE 18,320 KM E RODOVIA ERS/465, TRECHO: SANTO EXPEDITO DO SUL, COM EXTENSÃO DE 10,163 KM.",2,True,False,False,False,Vigente pela data
112,PJ/TP/155/98 - IVORA - SÃO JOÃO DO POLESINE E ACESSO A FAXINAL DO SOTURNO (LOTE 2),DAER - Departamento Autônomo de Estradas de Rodagem do Rio Grande do Sul,DAER,Ivorá,Andamento,BGSE CONSTRUCOES LTDA,28/05/1998 a 31/12/2026,"R$ 97.995.801,54",97995801.54,28/05/1998,31/12/2026,1998,2026,10444,203,PJ/TP,IVORA - SÃO JOÃO DO POLESINE E ACESSO A FAXINAL DO SOTURNO (LOTE 2),1,False,False,False,False,Vigente pela data
113,PJ/TP/163/98 - CAMBARA DO SUL-SAO JOSE DOS AUSENTES,DAER - Departamento Autônomo de Estradas de Rodagem do Rio Grande do Sul,DAER,"Cambará do Sul, São José dos Ausentes",Andamento,CONSTRUTORA SULTEPA S/A,04/06/1998 a 31/12/2026,"R$ 122.352.654,77",122352654.77,04/06/1998,31/12/2026,1998,2026,10437,203,PJ/TP,CAMBARA DO SUL-SAO JOSE DOS AUSENTES,2,True,False,False,False,Vigente pela data
114,PJ/TP/216/98 - BR/285 (acesso á GARRUCHOS) na Rodovia RS/176.,DAER - Departamento Autônomo de Estradas de Rodagem do Rio Grande do Sul,DAER,Garruchos,Andamento,CARPENEDO & CIA LTDA,22/03/2024 a 04/02/2027,"R$ 39.998.681,48",39998681.48,22/03/2024,04/02/2027,2024,2027,1049,238,PJ/TP,BR/285 (acesso á GARRUCHOS) na Rodovia RS/176.,1,False,False,False,False,Vigente pela data
115,PJ/TP/229/98 - BARAO TRIUNFO - LOTE 1 (POSTO DE GASOLINA FINAL DA ZONA URBANA MARIANA PIMENTEL),DAER - Departamento Autônomo de Estradas de Rodagem do Rio Grande do Sul,DAER,Barão do Triunfo,Andamento,R. SCHAEFFER CONSTRUÇÕES LTDA,28/08/2024 a 30/01/2027,"R$ 30.475.433,88",30475433.88,28/08/2024,30/01/2027,2024,2027,885,233,PJ/TP,BARAO TRIUNFO - LOTE 1 (POSTO DE GASOLINA FINAL DA ZONA URBANA MARIANA PIMENTEL),1,False,False,False,False,Vigente pela data
116,PJ/TP/282/98 - VENÂNCIO AIRES - VILA MELOS,DAER - Departamento Autônomo de Estradas de Rodagem do Rio Grande do Sul,DAER,"Passo do Sobrado, Vale Verde, Venâncio Aires",Andamento,CONSTRUTORAPELOTENSELTDA,30/06/2022 a 29/11/2024,"R$ 25.955.626,56",25955626.56,30/06/2022,29/11/2024,2022,2024,883,-559,PJ/TP,VENÂNCIO AIRES - VILA MELOS,3,True,False,False,True,Encerrado pela data
117,PJ/TP/433/98 - CRISSIUMAL - BR/468 (PADRE GONZALES),DAER - Departamento Autônomo de Estradas de Rodagem do Rio Grande do Sul,DAER,Crissiumal,Andamento,RGS ENGENHARIA S.A,26/11/1998 a 25/12/2026,"R$ 91.370.545,52",91370545.52,26/11/1998,25/12/2026,1998,2026,10256,197,PJ/TP,CRISSIUMAL - BR/468 (PADRE GONZALES),1,False,False,False,False,Vigente pela data
118,TESTE - Teste,DAER - Departamento Autônomo de Estradas de Rodagem do Rio Grande do Sul,DAER,Agudo,Andamento,Encopav Engenharia Ltda,31/03/2025 a 26/03/2027,"R$ 33.219.059,83",33219059.83,31/03/2025,26/03/2027,2025,2027,725,288,Não identificado,Teste,1,False,True,False,False,Vigente pela data
