contrato_id,Contrato,Órgão,orgao_curto,Situação,Empresa,Período,Valor do Contrato,valor_contrato,municipio_individual,municipio_norm,n_municipios_contrato,valor_rateado_municipio,valor_integral_envolvido,data_inicio_txt,data_fim_txt,ano_inicio,ano_fim,tipo_contrato,objeto,flag_multimunicipal,flag_teste,flag_valor_zero,flag_andamento_vencido,status_prazo
1,AJ/CD/001/24 - ALEGRIA-ENTR ERS-315-INHACORÁ (INÍCIO TRAVESSIA MUNICIPAL ),DAER - Departamento Autônomo de Estradas de Rodagem do Rio Grande do Sul,DAER,Andamento,CARPENEDO & CIA LTDA,05/02/2024 a 08/08/2025,"R$ 10.251.197,57",10251197.57,Alegria,ALEGRIA,2,5125598.785,10251197.57,05/02/2024,08/08/2025,2024,2025,AJ/CD,ALEGRIA-ENTR ERS-315-INHACORÁ (INÍCIO TRAVESSIA MUNICIPAL ),True,False,False,True,Encerrado pela data
1,AJ/CD/001/24 - ALEGRIA-ENTR ERS-315-INHACORÁ (INÍCIO TRAVESSIA MUNICIPAL ),DAER - Departamento Autônomo de Estradas de Rodagem do Rio Grande do Sul,DAER,Andamento,CARPENEDO & CIA LTDA,05/02/2024 a 08/08/2025,"R$ 10.251.197,57",10251197.57,Inhacorá,INHACORA,2,5125598.785,10251197.57,05/02/2024,08/08/2025,2024,2025,AJ/CD,ALEGRIA-ENTR ERS-315-INHACORÁ (INÍCIO TRAVESSIA MUNICIPAL ),True,False,False,True,Encerrado pela data
2,AJ/CD/004/19-ANO 3 - Gestão ambiental da Rota do Sol.,DAER - Departamento Autônomo de Estradas de Rodagem do Rio Grande do Sul,DAER,Concluída,BOURSCHEID ENGENHARIA E MEIO AMBIENTE LTDA.,02/06/2021 a 19/06/2022,"R$ 673.867,19",673867.19,Itati,ITATI,3,224622.39666666664,673867.19,02/06/2021,19/06/2022,2021,2022,AJ/CD,ANO 3 - Gestão ambiental da Rota do Sol.,True,False,False,False,Encerrado pela data
2,AJ/CD/004/19-ANO 3 - Gestão ambiental da Rota do Sol.,DAER - Departamento Autônomo de Estradas de Rodagem do Rio Grande do Sul,DAER,Concluída,BOURSCHEID ENGENHARIA E MEIO AMBIENTE LTDA.,02/06/2021 a 19/06/2022,"R$ 673.867,19",673867.19,São Francisco de Paula,SAO FRANCISCO DE PAULA,3,224622.39666666664,673867.19,02/06/2021,19/06/2022,2021,2022,AJ/CD,ANO 3 - Gestão ambiental da Rota do Sol.,True,False,False,False,Encerrado pela data
2,AJ/CD/004/19-ANO 3 - Gestão ambiental da Rota do Sol.,DAER - Departamento Autônomo de Estradas de Rodagem do Rio Grande do Sul,DAER,Concluída,BOURSCHEID ENGENHARIA E MEIO AMBIENTE LTDA.,02/06/2021 a 19/06/2022,"R$ 673.867,19",673867.19,Terra de Areia,TERRA DE AREIA,3,224622.39666666664,673867.19,02/06/2021,19/06/2022,2021,2022,AJ/CD,ANO 3 - Gestão ambiental da Rota do Sol.,True,False,False,False,Encerrado pela data
3,AJ/CD/004/19-ANO 4 - Gestão ambiental da Rota do Sol.,DAER - Departamento Autônomo de Estradas de Rodagem do Rio Grande do Sul,DAER,Concluída,BOURSCHEID ENGENHARIA E MEIO AMBIENTE LTDA.,19/06/2022 a 19/06/2023,"R$ 673.867,19",673867.19,Itati,ITATI,3,224622.39666666664,673867.19,19/06/2022,19/06/2023,2022,2023,AJ/CD,ANO 4 - Gestão ambiental da Rota do Sol.,True,False,False,False,Encerrado pela data
3,AJ/CD/004/19-ANO 4 - Gestão ambiental da Rota do Sol.,DAER - Departamento Autônomo de Estradas de Rodagem do Rio Grande do Sul,DAER,Concluída,BOURSCHEID ENGENHARIA E MEIO AMBIENTE LTDA.,19/06/2022 a 19/06/2023,"R$ 673.867,19",673867.19,São Francisco de Paula,SAO FRANCISCO DE PAULA,3,224622.39666666664,673867.19,19/06/2022,19/06/2023,2022,2023,AJ/CD,ANO 4 - Gestão ambiental da Rota do Sol.,True,False,False,False,Encerrado pela data
3,AJ/CD/004/19-ANO 4 - Gestão ambiental da Rota do Sol.,DAER - Departamento Autônomo de Estradas de Rodagem do Rio Grande do Sul,DAER,Concluída,BOURSCHEID ENGENHARIA E MEIO AMBIENTE LTDA.,19/06/2022 a 19/06/2023,"R$ 673.867,19",673867.19,Terra de Areia,TERRA DE AREIA,3,224622.39666666664,673867.19,19/06/2022,19/06/2023,2022,2023,AJ/CD,ANO 4 - Gestão ambiental da Rota do Sol.,True,False,False,False,Encerrado pela data
4,AJ/CD/004/19-ANO 5 - Gestão ambiental da Rota do Sol.,DAER - Departamento Autônomo de Estradas de Rodagem do Rio Grande do Sul,DAER,Concluída,BOURSCHEID ENGENHARIA E MEIO AMBIENTE LTDA.,19/06/2023 a 01/08/2024,"R$ 673.867,19",673867.19,Itati,ITATI,3,224622.39666666664,673867.19,19/06/2023,01/08/2024,2023,2024,AJ/CD,ANO 5 - Gestão ambiental da Rota do Sol.,True,False,False,False,Encerrado pela data
4,AJ/CD/004/19-ANO 5 - Gestão ambiental da Rota do Sol.,DAER - Departamento Autônomo de Estradas de Rodagem do Rio Grande do Sul,DAER,Concluída,BOURSCHEID ENGENHARIA E MEIO AMBIENTE LTDA.,19/06/2023 a 01/08/2024,"R$ 673.867,19",673867.19,São Francisco de Paula,SAO FRANCISCO DE PAULA,3,224622.39666666664,673867.19,19/06/2023,01/08/2024,2023,2024,AJ/CD,ANO 5 - Gestão ambiental da Rota do Sol.,True,False,False,False,Encerrado pela data
4,AJ/CD/004/19-ANO 5 - Gestão ambiental da Rota do Sol.,DAER - Departamento Autônomo de Estradas de Rodagem do Rio Grande do Sul,DAER,Concluída,BOURSCHEID ENGENHARIA E MEIO AMBIENTE LTDA.,19/06/2023 a 01/08/2024,"R$ 673.867,19",673867.19,Terra de Areia,TERRA DE AREIA,3,224622.39666666664,673867.19,19/06/2023,01/08/2024,2023,2024,AJ/CD,ANO 5 - Gestão ambiental da Rota do Sol.,True,False,False,False,Encerrado pela data
5,AJ/CD/004/19-ANO 6 - Gestão ambiental da Rota do Sol.,DAER - Departamento Autônomo de Estradas de Rodagem do Rio Grande do Sul,DAER,Andamento,BOURSCHEID ENGENHARIA E MEIO AMBIENTE LTDA.,01/08/2024 a 17/03/2026,"R$ 737.356,26",737356.26,Itati,ITATI,3,245785.42,737356.26,01/08/2024,17/03/2026,2024,2026,AJ/CD,ANO 6 - Gestão ambiental da Rota do Sol.,True,False,False,True,Encerrado pela data
5,AJ/CD/004/19-ANO 6 - Gestão ambiental da Rota do Sol.,DAER - Departamento Autônomo de Estradas de Rodagem do Rio Grande do Sul,DAER,Andamento,BOURSCHEID ENGENHARIA E MEIO AMBIENTE LTDA.,01/08/2024 a 17/03/2026,"R$ 737.356,26",737356.26,São Francisco de Paula,SAO FRANCISCO DE PAULA,3,245785.42,737356.26,01/08/2024,17/03/2026,2024,2026,AJ/CD,ANO 6 - Gestão ambiental da Rota do Sol.,True,False,False,True,Encerrado pela data
5,AJ/CD/004/19-ANO 6 - Gestão ambiental da Rota do Sol.,DAER - Departamento Autônomo de Estradas de Rodagem do Rio Grande do Sul,DAER,Andamento,BOURSCHEID ENGENHARIA E MEIO AMBIENTE LTDA.,01/08/2024 a 17/03/2026,"R$ 737.356,26",737356.26,Terra de Areia,TERRA DE AREIA,3,245785.42,737356.26,01/08/2024,17/03/2026,2024,2026,AJ/CD,ANO 6 - Gestão ambiental da Rota do Sol.,True,False,False,True,Encerrado pela data
6,AJ/CD/004/24 - Licenciamento de software e a prestação de serviços - Software SIDER.,DAER - Departamento Autônomo de Estradas de Rodagem do Rio Grande do Sul,DAER,Andamento,Poligraph Sistemas e Representações Ltda,30/01/2024 a 31/01/2025,"R$ 40.091.509,39",40091509.39,Porto Alegre,PORTO ALEGRE,1,40091509.39,40091509.39,30/01/2024,31/01/2025,2024,2025,AJ/CD,Licenciamento de software e a prestação de serviços - Software SIDER.,False,False,False,True,Encerrado pela data
7,AJ/CD/006/20 - Prestação de Serviços de Captura e Transmissão de Dados e Imagens de Veículos,DAER - Departamento Autônomo de Estradas de Rodagem do Rio Grande do Sul,DAER,Andamento,Perkons S/A,29/04/2020 a 31/01/2025,"R$ 14.683.944,48",14683944.48,Porto Alegre,PORTO ALEGRE,1,14683944.48,14683944.48,29/04/2020,31/01/2025,2020,2025,AJ/CD,Prestação de Serviços de Captura e Transmissão de Dados e Imagens de Veículos,False,False,False,True,Encerrado pela data
8,AJ/CD/007/20 - Prestação de Serviços de Captura e Transmissão de Dados e Imagens de Veículos.,DAER - Departamento Autônomo de Estradas de Rodagem do Rio Grande do Sul,DAER,Andamento,Fiscaltech Tecnologia e Automação LTDA,12/05/2020 a 12/05/2022,"R$ 1.917.998,16",1917998.16,Porto Alegre,PORTO ALEGRE,1,1917998.16,1917998.16,12/05/2020,12/05/2022,2020,2022,AJ/CD,Prestação de Serviços de Captura e Transmissão de Dados e Imagens de Veículos.,False,False,False,True,Encerrado pela data
9,"AJ/CD/026/24 - Instalação de placas de sinalização, na rodovia ERS-431, no km 22,62",DAER - Departamento Autônomo de Estradas de Rodagem do Rio Grande do Sul,DAER,Andamento,SINAWAY COMÉRCIO DE SINALIZAÇÃO LTDA,25/06/2024 a 05/07/2024,"R$ 61.863,64",61863.64,Bento Gonçalves,BENTO GONCALVES,1,61863.64,61863.64,25/06/2024,05/07/2024,2024,2024,AJ/CD,"Instalação de placas de sinalização, na rodovia ERS-431, no km 22,62",False,False,False,True,Encerrado pela data
10,"AJ/CD/030/24 - Levantamentos de LVC com vídeo registro, IRI, ATR e deflexão com FWD nas rodovias pavimentadas do DAER.",DAER - Departamento Autônomo de Estradas de Rodagem do Rio Grande do Sul,DAER,Paralisado,PAVESYS ENGENHARIA S/S,15/08/2024 a 13/08/2027,"R$ 3.174.232,66",3174232.66,Santa Maria,SANTA MARIA,1,3174232.66,3174232.66,15/08/2024,13/08/2027,2024,2027,AJ/CD,"Levantamentos de LVC com vídeo registro, IRI, ATR e deflexão com FWD nas rodovias pavimentadas do DAER.",False,False,False,False,Vigente pela data
11,AJ/CD/036/25 - Serviços de Assistência Técnica-Apoio p/elaboração de TR e Assessoria em projetos e empreendimentos,DAER - Departamento Autônomo de Estradas de Rodagem do Rio Grande do Sul,DAER,Andamento,Caixa Econômica Federal,06/05/2025 a 12/05/2027,"R$ 1.129.805,19",1129805.19,Porto Mauá,PORTO MAUA,1,1129805.19,1129805.19,06/05/2025,12/05/2027,2025,2027,AJ/CD,Serviços de Assistência Técnica-Apoio p/elaboração de TR e Assessoria em projetos e empreendimentos,False,False,False,False,Vigente pela data
12,AJ/CD/037/23 - Serviços de diagnóstico e mapeamento dos focos de invasão de Hovenia dulcis Thunb. na REBIO Mata Paludosa.,DAER - Departamento Autônomo de Estradas de Rodagem do Rio Grande do Sul,DAER,Concluída,ATAGON GEOINFORMAÇÃO E AMBIENTE LTDA,02/09/2024 a 03/08/2025,"R$ 9.300,00",9300.0,Itati,ITATI,1,9300.0,9300.0,02/09/2024,03/08/2025,2024,2025,AJ/CD,Serviços de diagnóstico e mapeamento dos focos de invasão de Hovenia dulcis Thunb. na REBIO Mata Paludosa.,False,False,False,False,Encerrado pela data
13,"AJ/CD/037/24 - ERS - 608, Trecho: Entr. BRS-293/ERS-265 (p/ Cancelão) - Pedras Altas (Início Trv-Mun)",DAER - Departamento Autônomo de Estradas de Rodagem do Rio Grande do Sul,DAER,Andamento,DALFOVO CONSTRUTORA LTDA,03/02/2025 a 25/11/2026,"R$ 21.898.597,32",21898597.32,Candiota,CANDIOTA,4,5474649.33,21898597.32,03/02/2025,25/11/2026,2025,2026,AJ/CD,"ERS - 608, Trecho: Entr. BRS-293/ERS-265 (p/ Cancelão) - Pedras Altas (Início Trv-Mun)",True,False,False,False,Vigente pela data
13,"AJ/CD/037/24 - ERS - 608, Trecho: Entr. BRS-293/ERS-265 (p/ Cancelão) - Pedras Altas (Início Trv-Mun)",DAER - Departamento Autônomo de Estradas de Rodagem do Rio Grande do Sul,DAER,Andamento,DALFOVO CONSTRUTORA LTDA,03/02/2025 a 25/11/2026,"R$ 21.898.597,32",21898597.32,Capão do Leão,CAPAO DO LEAO,4,5474649.33,21898597.32,03/02/2025,25/11/2026,2025,2026,AJ/CD,"ERS - 608, Trecho: Entr. BRS-293/ERS-265 (p/ Cancelão) - Pedras Altas (Início Trv-Mun)",True,False,False,False,Vigente pela data
13,"AJ/CD/037/24 - ERS - 608, Trecho: Entr. BRS-293/ERS-265 (p/ Cancelão) - Pedras Altas (Início Trv-Mun)",DAER - Departamento Autônomo de Estradas de Rodagem do Rio Grande do Sul,DAER,Andamento,DALFOVO CONSTRUTORA LTDA,03/02/2025 a 25/11/2026,"R$ 21.898.597,32",21898597.32,Pedras Altas,PEDRAS ALTAS,4,5474649.33,21898597.32,03/02/2025,25/11/2026,2025,2026,AJ/CD,"ERS - 608, Trecho: Entr. BRS-293/ERS-265 (p/ Cancelão) - Pedras Altas (Início Trv-Mun)",True,False,False,False,Vigente pela data
13,"AJ/CD/037/24 - ERS - 608, Trecho: Entr. BRS-293/ERS-265 (p/ Cancelão) - Pedras Altas (Início Trv-Mun)",DAER - Departamento Autônomo de Estradas de Rodagem do Rio Grande do Sul,DAER,Andamento,DALFOVO CONSTRUTORA LTDA,03/02/2025 a 25/11/2026,"R$ 21.898.597,32",21898597.32,Pinheiro Machado,PINHEIRO MACHADO,4,5474649.33,21898597.32,03/02/2025,25/11/2026,2025,2026,AJ/CD,"ERS - 608, Trecho: Entr. BRS-293/ERS-265 (p/ Cancelão) - Pedras Altas (Início Trv-Mun)",True,False,False,False,Vigente pela data
14,"AJ/CD/072/25 - contratação de empresa especializada na prestação de serviços técnicos de inspeções cadastrais e rotineiras, em obras de sob a jurisdição do DAER.",DAER - Departamento Autônomo de Estradas de Rodagem do Rio Grande do Sul,DAER,Andamento,FINGER ENGENHEIROS ASSOCIADOS LTDA.,15/09/2025 a 15/09/2026,"R$ 6.415.710,24",6415710.24,Porto Alegre,PORTO ALEGRE,1,6415710.24,6415710.24,15/09/2025,15/09/2026,2025,2026,AJ/CD,"contratação de empresa especializada na prestação de serviços técnicos de inspeções cadastrais e rotineiras, em obras de sob a jurisdição do DAER.",False,False,False,False,Vigente pela data
15,AJ/CD/089/25 - Rodovias sob jurisdição da 2ª RS (no Munícipio de Bento Gonçalves) do DAER. lote único.,DAER - Departamento Autônomo de Estradas de Rodagem do Rio Grande do Sul,DAER,Andamento,BECK DE SOUZA ENGENHARIA LTDA,11/12/2025 a 11/12/2026,"R$ 16.412.436,45",16412436.45,Bento Gonçalves,BENTO GONCALVES,1,16412436.45,16412436.45,11/12/2025,11/12/2026,2025,2026,AJ/CD,Rodovias sob jurisdição da 2ª RS (no Munícipio de Bento Gonçalves) do DAER. lote único.,False,False,False,False,Vigente pela data
16,"AJ/CV/001/26 - Serviços emergenciais, nas faixas de domínio das rodovias estaduais pavimentadas, sob a jurisdição da 7ª Superintendência Regional do DAER/RS, sediada",DAER - Departamento Autônomo de Estradas de Rodagem do Rio Grande do Sul,DAER,Andamento,Encopav Engenharia Ltda,24/12/2025 a 24/12/2026,"R$ 15.089.267,64",15089267.64,Arroio do Padre,ARROIO DO PADRE,15,1005951.1760000001,15089267.64,24/12/2025,24/12/2026,2025,2026,AJ/CV,"Serviços emergenciais, nas faixas de domínio das rodovias estaduais pavimentadas, sob a jurisdição da 7ª Superintendência Regional do DAER/RS, sediada",True,False,False,False,Vigente pela data
16,"AJ/CV/001/26 - Serviços emergenciais, nas faixas de domínio das rodovias estaduais pavimentadas, sob a jurisdição da 7ª Superintendência Regional do DAER/RS, sediada",DAER - Departamento Autônomo de Estradas de Rodagem do Rio Grande do Sul,DAER,Andamento,Encopav Engenharia Ltda,24/12/2025 a 24/12/2026,"R$ 15.089.267,64",15089267.64,Arroio Grande,ARROIO GRANDE,15,1005951.1760000001,15089267.64,24/12/2025,24/12/2026,2025,2026,AJ/CV,"Serviços emergenciais, nas faixas de domínio das rodovias estaduais pavimentadas, sob a jurisdição da 7ª Superintendência Regional do DAER/RS, sediada",True,False,False,False,Vigente pela data
16,"AJ/CV/001/26 - Serviços emergenciais, nas faixas de domínio das rodovias estaduais pavimentadas, sob a jurisdição da 7ª Superintendência Regional do DAER/RS, sediada",DAER - Departamento Autônomo de Estradas de Rodagem do Rio Grande do Sul,DAER,Andamento,Encopav Engenharia Ltda,24/12/2025 a 24/12/2026,"R$ 15.089.267,64",15089267.64,Canguçu,CANGUCU,15,1005951.1760000001,15089267.64,24/12/2025,24/12/2026,2025,2026,AJ/CV,"Serviços emergenciais, nas faixas de domínio das rodovias estaduais pavimentadas, sob a jurisdição da 7ª Superintendência Regional do DAER/RS, sediada",True,False,False,False,Vigente pela data
16,"AJ/CV/001/26 - Serviços emergenciais, nas faixas de domínio das rodovias estaduais pavimentadas, sob a jurisdição da 7ª Superintendência Regional do DAER/RS, sediada",DAER - Departamento Autônomo de Estradas de Rodagem do Rio Grande do Sul,DAER,Andamento,Encopav Engenharia Ltda,24/12/2025 a 24/12/2026,"R$ 15.089.267,64",15089267.64,Capão do Leão,CAPAO DO LEAO,15,1005951.1760000001,15089267.64,24/12/2025,24/12/2026,2025,2026,AJ/CV,"Serviços emergenciais, nas faixas de domínio das rodovias estaduais pavimentadas, sob a jurisdição da 7ª Superintendência Regional do DAER/RS, sediada",True,False,False,False,Vigente pela data
16,"AJ/CV/001/26 - Serviços emergenciais, nas faixas de domínio das rodovias estaduais pavimentadas, sob a jurisdição da 7ª Superintendência Regional do DAER/RS, sediada",DAER - Departamento Autônomo de Estradas de Rodagem do Rio Grande do Sul,DAER,Andamento,Encopav Engenharia Ltda,24/12/2025 a 24/12/2026,"R$ 15.089.267,64",15089267.64,Cerrito,CERRITO,15,1005951.1760000001,15089267.64,24/12/2025,24/12/2026,2025,2026,AJ/CV,"Serviços emergenciais, nas faixas de domínio das rodovias estaduais pavimentadas, sob a jurisdição da 7ª Superintendência Regional do DAER/RS, sediada",True,False,False,False,Vigente pela data
16,"AJ/CV/001/26 - Serviços emergenciais, nas faixas de domínio das rodovias estaduais pavimentadas, sob a jurisdição da 7ª Superintendência Regional do DAER/RS, sediada",DAER - Departamento Autônomo de Estradas de Rodagem do Rio Grande do Sul,DAER,Andamento,Encopav Engenharia Ltda,24/12/2025 a 24/12/2026,"R$ 15.089.267,64",15089267.64,Chuí,CHUI,15,1005951.1760000001,15089267.64,24/12/2025,24/12/2026,2025,2026,AJ/CV,"Serviços emergenciais, nas faixas de domínio das rodovias estaduais pavimentadas, sob a jurisdição da 7ª Superintendência Regional do DAER/RS, sediada",True,False,False,False,Vigente pela data
16,"AJ/CV/001/26 - Serviços emergenciais, nas faixas de domínio das rodovias estaduais pavimentadas, sob a jurisdição da 7ª Superintendência Regional do DAER/RS, sediada",DAER - Departamento Autônomo de Estradas de Rodagem do Rio Grande do Sul,DAER,Andamento,Encopav Engenharia Ltda,24/12/2025 a 24/12/2026,"R$ 15.089.267,64",15089267.64,Herval,HERVAL,15,1005951.1760000001,15089267.64,24/12/2025,24/12/2026,2025,2026,AJ/CV,"Serviços emergenciais, nas faixas de domínio das rodovias estaduais pavimentadas, sob a jurisdição da 7ª Superintendência Regional do DAER/RS, sediada",True,False,False,False,Vigente pela data
16,"AJ/CV/001/26 - Serviços emergenciais, nas faixas de domínio das rodovias estaduais pavimentadas, sob a jurisdição da 7ª Superintendência Regional do DAER/RS, sediada",DAER - Departamento Autônomo de Estradas de Rodagem do Rio Grande do Sul,DAER,Andamento,Encopav Engenharia Ltda,24/12/2025 a 24/12/2026,"R$ 15.089.267,64",15089267.64,Morro Redondo,MORRO REDONDO,15,1005951.1760000001,15089267.64,24/12/2025,24/12/2026,2025,2026,AJ/CV,"Serviços emergenciais, nas faixas de domínio das rodovias estaduais pavimentadas, sob a jurisdição da 7ª Superintendência Regional do DAER/RS, sediada",True,False,False,False,Vigente pela data
16,"AJ/CV/001/26 - Serviços emergenciais, nas faixas de domínio das rodovias estaduais pavimentadas, sob a jurisdição da 7ª Superintendência Regional do DAER/RS, sediada",DAER - Departamento Autônomo de Estradas de Rodagem do Rio Grande do Sul,DAER,Andamento,Encopav Engenharia Ltda,24/12/2025 a 24/12/2026,"R$ 15.089.267,64",15089267.64,Pedro Osório,PEDRO OSORIO,15,1005951.1760000001,15089267.64,24/12/2025,24/12/2026,2025,2026,AJ/CV,"Serviços emergenciais, nas faixas de domínio das rodovias estaduais pavimentadas, sob a jurisdição da 7ª Superintendência Regional do DAER/RS, sediada",True,False,False,False,Vigente pela data
16,"AJ/CV/001/26 - Serviços emergenciais, nas faixas de domínio das rodovias estaduais pavimentadas, sob a jurisdição da 7ª Superintendência Regional do DAER/RS, sediada",DAER - Departamento Autônomo de Estradas de Rodagem do Rio Grande do Sul,DAER,Andamento,Encopav Engenharia Ltda,24/12/2025 a 24/12/2026,"R$ 15.089.267,64",15089267.64,Pelotas,PELOTAS,15,1005951.1760000001,15089267.64,24/12/2025,24/12/2026,2025,2026,AJ/CV,"Serviços emergenciais, nas faixas de domínio das rodovias estaduais pavimentadas, sob a jurisdição da 7ª Superintendência Regional do DAER/RS, sediada",True,False,False,False,Vigente pela data
16,"AJ/CV/001/26 - Serviços emergenciais, nas faixas de domínio das rodovias estaduais pavimentadas, sob a jurisdição da 7ª Superintendência Regional do DAER/RS, sediada",DAER - Departamento Autônomo de Estradas de Rodagem do Rio Grande do Sul,DAER,Andamento,Encopav Engenharia Ltda,24/12/2025 a 24/12/2026,"R$ 15.089.267,64",15089267.64,Piratini,PIRATINI,15,1005951.1760000001,15089267.64,24/12/2025,24/12/2026,2025,2026,AJ/CV,"Serviços emergenciais, nas faixas de domínio das rodovias estaduais pavimentadas, sob a jurisdição da 7ª Superintendência Regional do DAER/RS, sediada",True,False,False,False,Vigente pela data
16,"AJ/CV/001/26 - Serviços emergenciais, nas faixas de domínio das rodovias estaduais pavimentadas, sob a jurisdição da 7ª Superintendência Regional do DAER/RS, sediada",DAER - Departamento Autônomo de Estradas de Rodagem do Rio Grande do Sul,DAER,Andamento,Encopav Engenharia Ltda,24/12/2025 a 24/12/2026,"R$ 15.089.267,64",15089267.64,Rio Grande,RIO GRANDE,15,1005951.1760000001,15089267.64,24/12/2025,24/12/2026,2025,2026,AJ/CV,"Serviços emergenciais, nas faixas de domínio das rodovias estaduais pavimentadas, sob a jurisdição da 7ª Superintendência Regional do DAER/RS, sediada",True,False,False,False,Vigente pela data
16,"AJ/CV/001/26 - Serviços emergenciais, nas faixas de domínio das rodovias estaduais pavimentadas, sob a jurisdição da 7ª Superintendência Regional do DAER/RS, sediada",DAER - Departamento Autônomo de Estradas de Rodagem do Rio Grande do Sul,DAER,Andamento,Encopav Engenharia Ltda,24/12/2025 a 24/12/2026,"R$ 15.089.267,64",15089267.64,Santa Vitória do Palmar,SANTA VITORIA DO PALMAR,15,1005951.1760000001,15089267.64,24/12/2025,24/12/2026,2025,2026,AJ/CV,"Serviços emergenciais, nas faixas de domínio das rodovias estaduais pavimentadas, sob a jurisdição da 7ª Superintendência Regional do DAER/RS, sediada",True,False,False,False,Vigente pela data
16,"AJ/CV/001/26 - Serviços emergenciais, nas faixas de domínio das rodovias estaduais pavimentadas, sob a jurisdição da 7ª Superintendência Regional do DAER/RS, sediada",DAER - Departamento Autônomo de Estradas de Rodagem do Rio Grande do Sul,DAER,Andamento,Encopav Engenharia Ltda,24/12/2025 a 24/12/2026,"R$ 15.089.267,64",15089267.64,São José do Norte,SAO JOSE DO NORTE,15,1005951.1760000001,15089267.64,24/12/2025,24/12/2026,2025,2026,AJ/CV,"Serviços emergenciais, nas faixas de domínio das rodovias estaduais pavimentadas, sob a jurisdição da 7ª Superintendência Regional do DAER/RS, sediada",True,False,False,False,Vigente pela data
16,"AJ/CV/001/26 - Serviços emergenciais, nas faixas de domínio das rodovias estaduais pavimentadas, sob a jurisdição da 7ª Superintendência Regional do DAER/RS, sediada",DAER - Departamento Autônomo de Estradas de Rodagem do Rio Grande do Sul,DAER,Andamento,Encopav Engenharia Ltda,24/12/2025 a 24/12/2026,"R$ 15.089.267,64",15089267.64,São Lourenço do Sul,SAO LOURENCO DO SUL,15,1005951.1760000001,15089267.64,24/12/2025,24/12/2026,2025,2026,AJ/CV,"Serviços emergenciais, nas faixas de domínio das rodovias estaduais pavimentadas, sob a jurisdição da 7ª Superintendência Regional do DAER/RS, sediada",True,False,False,False,Vigente pela data
17,"AJ/OA/024/25 - Ponte sobre o Arroio Guarda-mor, na ERS-348.",DAER - Departamento Autônomo de Estradas de Rodagem do Rio Grande do Sul,DAER,Andamento,TRAÇADO CONSTRUÇÕES E SERVIÇOS LTDA,26/02/2025 a 26/02/2027,"R$ 11.774.368,32",11774368.32,Faxinal do Soturno,FAXINAL DO SOTURNO,1,11774368.32,11774368.32,26/02/2025,26/02/2027,2025,2027,AJ/OA,"Ponte sobre o Arroio Guarda-mor, na ERS-348.",False,False,False,False,Vigente pela data
18,"AJ/OA/031/24 - Ponte sobre o Rio Caí, localizada na VRS-843, km 1+790, no município de Feliz/RS",DAER - Departamento Autônomo de Estradas de Rodagem do Rio Grande do Sul,DAER,Andamento,TRILHA ENGENHARIA LTDA,04/11/2024 a 30/10/2026,"R$ 14.110.976,17",14110976.17,Feliz,FELIZ,1,14110976.17,14110976.17,04/11/2024,30/10/2026,2024,2026,AJ/OA,"Ponte sobre o Rio Caí, localizada na VRS-843, km 1+790, no município de Feliz/RS",False,False,False,False,Vigente pela data
19,"AJ/OA/032/24 - Ponte sobre o Rio Três Forquilhas, localizada na ERS-417, km 9+000.",DAER - Departamento Autônomo de Estradas de Rodagem do Rio Grande do Sul,DAER,Andamento,JB PARTICIPACOES SOCIETARIAS LTDA,12/11/2024 a 10/06/2026,"R$ 10.694.805,23",10694805.23,Itati,ITATI,1,10694805.23,10694805.23,12/11/2024,10/06/2026,2024,2026,AJ/OA,"Ponte sobre o Rio Três Forquilhas, localizada na ERS-417, km 9+000.",False,False,False,True,Encerrado pela data
20,"AJ/OA/033/24 - Rio Taquari, na ERS-431, Entr. BRS-470 (p/ Bento Gonçalves) – Santa Bárbara (São Valentim do Sul)",DAER - Departamento Autônomo de Estradas de Rodagem do Rio Grande do Sul,DAER,Andamento,VEREDA ENGENHARIA LTDA,04/11/2024 a 30/11/2026,"R$ 31.377.667,00",31377667.0,Taquari,TAQUARI,1,31377667.0,31377667.0,04/11/2024,30/11/2026,2024,2026,AJ/OA,"Rio Taquari, na ERS-431, Entr. BRS-470 (p/ Bento Gonçalves) – Santa Bárbara (São Valentim do Sul)",False,False,False,False,Vigente pela data
21,"AJ/OA/038/24 - Ponte sobre o Arroio Marcondes, localizada na RSC-471, km 83+510, no município de Sinimbu/RS",DAER - Departamento Autônomo de Estradas de Rodagem do Rio Grande do Sul,DAER,Andamento,JB PARTICIPACOES SOCIETARIAS LTDA,12/11/2024 a 12/11/2026,"R$ 8.170.592,26",8170592.26,Sinimbu,SINIMBU,1,8170592.26,8170592.26,12/11/2024,12/11/2026,2024,2026,AJ/OA,"Ponte sobre o Arroio Marcondes, localizada na RSC-471, km 83+510, no município de Sinimbu/RS",False,False,False,False,Vigente pela data
22,"AJ/OA/044/24 - Ponte sobre o Rio Soturno, localizada na ERS-348, km 35+300, Trecho: BRS-348 – Faxinal do Soturno",DAER - Departamento Autônomo de Estradas de Rodagem do Rio Grande do Sul,DAER,Andamento,TRAÇADO CONSTRUÇÕES E SERVIÇOS LTDA,04/02/2025 a 31/03/2027,"R$ 14.700.000,00",14700000.0,Faxinal do Soturno,FAXINAL DO SOTURNO,1,14700000.0,14700000.0,04/02/2025,31/03/2027,2025,2027,AJ/OA,"Ponte sobre o Rio Soturno, localizada na ERS-348, km 35+300, Trecho: BRS-348 – Faxinal do Soturno",False,False,False,False,Vigente pela data
23,"AJ/OA/045/25 - PONTE SOBRE O RIO IBICUI-MIRIM JUNTO A ERS-530, KM 103+930.",DAER - Departamento Autônomo de Estradas de Rodagem do Rio Grande do Sul,DAER,Andamento,LAVORO ENGENHARIA LTDA,23/06/2025 a 22/04/2027,"R$ 6.114.746,42",6114746.42,Dilermando de Aguiar,DILERMANDO DE AGUIAR,1,6114746.42,6114746.42,23/06/2025,22/04/2027,2025,2027,AJ/OA,"PONTE SOBRE O RIO IBICUI-MIRIM JUNTO A ERS-530, KM 103+930.",False,False,False,False,Vigente pela data
24,"AJ/OA/047/25 - PONTE SOBRE O ARROIO JACARÉ, JUNTO A ERS-433, KM 7+730, TRECHO ENTR. ERS-322 (p/ARVOREZINHA) – RELVADO,",DAER - Departamento Autônomo de Estradas de Rodagem do Rio Grande do Sul,DAER,Andamento,SOCIEDADE GERAL DE EMPREITEIRAS (SOGEL),23/06/2025 a 22/04/2027,"R$ 7.448.872,97",7448872.97,Arvorezinha,ARVOREZINHA,1,7448872.97,7448872.97,23/06/2025,22/04/2027,2025,2027,AJ/OA,"PONTE SOBRE O ARROIO JACARÉ, JUNTO A ERS-433, KM 7+730, TRECHO ENTR. ERS-322 (p/ARVOREZINHA) – RELVADO,",False,False,False,False,Vigente pela data
25,"AJ/OA/048/24 - PONTE SOBRE O ARROIO NÃO SABIA, JUNTO A ERS-441, KM 22+734, VISTA ALEGRE DO PRATA - ENTR. ERS-355 (P/ FAGUNDES VARELA),",DAER - Departamento Autônomo de Estradas de Rodagem do Rio Grande do Sul,DAER,Andamento,TRAÇADO CONSTRUÇÕES E SERVIÇOS LTDA,22/01/2025 a 22/01/2027,"R$ 17.355.305,62",17355305.62,Vista Alegre do Prata,VISTA ALEGRE DO PRATA,1,17355305.62,17355305.62,22/01/2025,22/01/2027,2025,2027,AJ/OA,"PONTE SOBRE O ARROIO NÃO SABIA, JUNTO A ERS-441, KM 22+734, VISTA ALEGRE DO PRATA - ENTR. ERS-355 (P/ FAGUNDES VARELA),",False,False,False,False,Vigente pela data
26,"AJ/OA/049/24 - PONTE SOBRE O ARROIO CAPIVARI, JUNTO A ERS-507, KM 8+100, TRECHO ENTR. ERS-566 (p/MAÇAMBARÁ) – PONTE S/ ARROIO CAPIVARI",DAER - Departamento Autônomo de Estradas de Rodagem do Rio Grande do Sul,DAER,Andamento,CONSTRUTORA ALEGRETENSE LTDA,04/02/2025 a 04/02/2027,"R$ 7.166.061,64",7166061.64,Alegrete,ALEGRETE,1,7166061.64,7166061.64,04/02/2025,04/02/2027,2025,2027,AJ/OA,"PONTE SOBRE O ARROIO CAPIVARI, JUNTO A ERS-507, KM 8+100, TRECHO ENTR. ERS-566 (p/MAÇAMBARÁ) – PONTE S/ ARROIO CAPIVARI",False,False,False,False,Vigente pela data
27,"AJ/OA/082/25 - Ponte sobre o Rio Taquari, junto a ERS-129/ERS-130, entre os Municípios de Estrela e Cruzeiro do Sul .",DAER - Departamento Autônomo de Estradas de Rodagem do Rio Grande do Sul,DAER,Andamento,CONSTRUTORA CIDADE LTDA,05/12/2025 a 05/12/2026,"R$ 288.579.514,47",288579514.47,Estrela,ESTRELA,1,288579514.47,288579514.47,05/12/2025,05/12/2026,2025,2026,AJ/OA,"Ponte sobre o Rio Taquari, junto a ERS-129/ERS-130, entre os Municípios de Estrela e Cruzeiro do Sul .",False,False,False,False,Vigente pela data
28,AJ/OA/088/25 - Rodovia ERS-344. no Município de Santo Ângelo e Ijuí.,DAER - Departamento Autônomo de Estradas de Rodagem do Rio Grande do Sul,DAER,Andamento,LAVORO ENGENHARIA LTDA,11/12/2025 a 11/12/2026,"R$ 22.607.846,22",22607846.22,Santo Ângelo,SANTO ANGELO,1,22607846.22,22607846.22,11/12/2025,11/12/2026,2025,2026,AJ/OA,Rodovia ERS-344. no Município de Santo Ângelo e Ijuí.,False,False,False,False,Vigente pela data
29,AJ/PE/008/22 - Elaboração de PFE para a rodovia ERS-550,DAER - Departamento Autônomo de Estradas de Rodagem do Rio Grande do Sul,DAER,Concluída,ECOPLAN ENGENHARIA LTDA.,01/04/2022 a 11/07/2025,"R$ 1.052.480,22",1052480.22,São Borja,SAO BORJA,1,1052480.22,1052480.22,01/04/2022,11/07/2025,2022,2025,AJ/PE,Elaboração de PFE para a rodovia ERS-550,False,False,False,False,Encerrado pela data
30,AJ/PE/010/22 - Elaboração de PFE de Pavimentação Asfáltica das rodovias ERS-265 e ERS-702,GOVRS - Governo do Estado do Rio Grande do Sul,GOVRS,Paralisado,ECOPLAN ENGENHARIA LTDA.,01/04/2022 a 01/07/2026,"R$ 1.545.692,30",1545692.3,Canguçu,CANGUCU,2,772846.15,1545692.3,01/04/2022,01/07/2026,2022,2026,AJ/PE,Elaboração de PFE de Pavimentação Asfáltica das rodovias ERS-265 e ERS-702,True,False,False,False,Vigente pela data
30,AJ/PE/010/22 - Elaboração de PFE de Pavimentação Asfáltica das rodovias ERS-265 e ERS-702,GOVRS - Governo do Estado do Rio Grande do Sul,GOVRS,Paralisado,ECOPLAN ENGENHARIA LTDA.,01/04/2022 a 01/07/2026,"R$ 1.545.692,30",1545692.3,Piratini,PIRATINI,2,772846.15,1545692.3,01/04/2022,01/07/2026,2022,2026,AJ/PE,Elaboração de PFE de Pavimentação Asfáltica das rodovias ERS-265 e ERS-702,True,False,False,False,Vigente pela data
31,AJ/PE/029/21 - Elaboração de Projeto Final de Engenharia (PFE) para adequação e implantação de melhorias de segurança viária na rodovia Rota do Sol.,DAER - Departamento Autônomo de Estradas de Rodagem do Rio Grande do Sul,DAER,Paralisado,SD CONSULTORIA E ENGENHARIA LTDA,02/08/2021 a 05/09/2026,"R$ 577.447,70",577447.7,Cambará do Sul,CAMBARA DO SUL,2,288723.85,577447.7,02/08/2021,05/09/2026,2021,2026,AJ/PE,Elaboração de Projeto Final de Engenharia (PFE) para adequação e implantação de melhorias de segurança viária na rodovia Rota do Sol.,True,False,False,False,Vigente pela data
31,AJ/PE/029/21 - Elaboração de Projeto Final de Engenharia (PFE) para adequação e implantação de melhorias de segurança viária na rodovia Rota do Sol.,DAER - Departamento Autônomo de Estradas de Rodagem do Rio Grande do Sul,DAER,Paralisado,SD CONSULTORIA E ENGENHARIA LTDA,02/08/2021 a 05/09/2026,"R$ 577.447,70",577447.7,Terra de Areia,TERRA DE AREIA,2,288723.85,577447.7,02/08/2021,05/09/2026,2021,2026,AJ/PE,Elaboração de Projeto Final de Engenharia (PFE) para adequação e implantação de melhorias de segurança viária na rodovia Rota do Sol.,True,False,False,False,Vigente pela data
32,"AJ/PE/038/22 - Projeto Final de Engenharia de duplicação p/RSC-287,trecho 0210-Entr.ERS-509(Camobi)–Entr.BRS-158/392(A)(Santa Maria).",DAER - Departamento Autônomo de Estradas de Rodagem do Rio Grande do Sul,DAER,Paralisado,ENGEMIN - ENGENHARIA E GEOLOGIA LTDA,27/09/2022 a 29/06/2026,"R$ 1.548.021,27",1548021.27,Santa Maria,SANTA MARIA,1,1548021.27,1548021.27,27/09/2022,29/06/2026,2022,2026,AJ/PE,"Projeto Final de Engenharia de duplicação p/RSC-287,trecho 0210-Entr.ERS-509(Camobi)–Entr.BRS-158/392(A)(Santa Maria).",False,False,False,False,Vigente pela data
33,AJ/PE/041/25 - PFE para a rodovia ERS-211 (211ERS0003 e 211ERS0007),DAER - Departamento Autônomo de Estradas de Rodagem do Rio Grande do Sul,DAER,Andamento,ECOPLAN ENGENHARIA LTDA.,06/10/2025 a 01/10/2026,"R$ 1.061.213,23",1061213.23,Campinas do Sul,CAMPINAS DO SUL,2,530606.615,1061213.23,06/10/2025,01/10/2026,2025,2026,AJ/PE,PFE para a rodovia ERS-211 (211ERS0003 e 211ERS0007),True,False,False,False,Vigente pela data
33,AJ/PE/041/25 - PFE para a rodovia ERS-211 (211ERS0003 e 211ERS0007),DAER - Departamento Autônomo de Estradas de Rodagem do Rio Grande do Sul,DAER,Andamento,ECOPLAN ENGENHARIA LTDA.,06/10/2025 a 01/10/2026,"R$ 1.061.213,23",1061213.23,Ronda Alta,RONDA ALTA,2,530606.615,1061213.23,06/10/2025,01/10/2026,2025,2026,AJ/PE,PFE para a rodovia ERS-211 (211ERS0003 e 211ERS0007),True,False,False,False,Vigente pela data
34,AJ/PE/043/21 - Elaboração de PFE para construção ponte sobre o Rio Vacacaí na rodovia ERS-149,DAER - Departamento Autônomo de Estradas de Rodagem do Rio Grande do Sul,DAER,Concluída,SD CONSULTORIA E ENGENHARIA LTDA,01/02/2022 a 21/10/2025,"R$ 344.557,98",344557.98,Restinga Seca,RESTINGA SECA,1,344557.98,344557.98,01/02/2022,21/10/2025,2022,2025,AJ/PE,Elaboração de PFE para construção ponte sobre o Rio Vacacaí na rodovia ERS-149,False,False,False,False,Encerrado pela data
35,"AJ/PE/053/21 - Elaboração do projeto final de engenharia da rodovia ERS-422, no trecho entre Machadinho até São José do Ouro.",DAER - Departamento Autônomo de Estradas de Rodagem do Rio Grande do Sul,DAER,Paralisado,ECOPLAN ENGENHARIA LTDA.,18/10/2021 a 08/06/2028,"R$ 1.262.230,61",1262230.61,Machadinho,MACHADINHO,2,631115.305,1262230.61,18/10/2021,08/06/2028,2021,2028,AJ/PE,"Elaboração do projeto final de engenharia da rodovia ERS-422, no trecho entre Machadinho até São José do Ouro.",True,False,False,False,Vigente pela data
35,"AJ/PE/053/21 - Elaboração do projeto final de engenharia da rodovia ERS-422, no trecho entre Machadinho até São José do Ouro.",DAER - Departamento Autônomo de Estradas de Rodagem do Rio Grande do Sul,DAER,Paralisado,ECOPLAN ENGENHARIA LTDA.,18/10/2021 a 08/06/2028,"R$ 1.262.230,61",1262230.61,São José do Ouro,SAO JOSE DO OURO,2,631115.305,1262230.61,18/10/2021,08/06/2028,2021,2028,AJ/PE,"Elaboração do projeto final de engenharia da rodovia ERS-422, no trecho entre Machadinho até São José do Ouro.",True,False,False,False,Vigente pela data
36,"AJ/PE/053/22 - Projeto final de engenharia para a rodovia ERS-531 (531ERS0020), trecho: Jacuizinho - Tunas, com extensão estimada de 14,00km e projeto de interseções",DAER - Departamento Autônomo de Estradas de Rodagem do Rio Grande do Sul,DAER,Paralisado,ECOPLAN ENGENHARIA LTDA.,06/02/2023 a 13/06/2026,"R$ 961.087,82",961087.82,Jacuizinho,JACUIZINHO,2,480543.91,961087.82,06/02/2023,13/06/2026,2023,2026,AJ/PE,"Projeto final de engenharia para a rodovia ERS-531 (531ERS0020), trecho: Jacuizinho - Tunas, com extensão estimada de 14,00km e projeto de interseções",True,False,False,False,Vigente pela data
36,"AJ/PE/053/22 - Projeto final de engenharia para a rodovia ERS-531 (531ERS0020), trecho: Jacuizinho - Tunas, com extensão estimada de 14,00km e projeto de interseções",DAER - Departamento Autônomo de Estradas de Rodagem do Rio Grande do Sul,DAER,Paralisado,ECOPLAN ENGENHARIA LTDA.,06/02/2023 a 13/06/2026,"R$ 961.087,82",961087.82,Tunas,TUNAS,2,480543.91,961087.82,06/02/2023,13/06/2026,2023,2026,AJ/PE,"Projeto final de engenharia para a rodovia ERS-531 (531ERS0020), trecho: Jacuizinho - Tunas, com extensão estimada de 14,00km e projeto de interseções",True,False,False,False,Vigente pela data
37,"AJ/PE/054/22 - Projeto final de engenharia de interseções e aumento de capacidade da rodovia ERS-324,entre os km 178 e 182 (Xangri-Lá, Boqueirão e Santa Maria).",DAER - Departamento Autônomo de Estradas de Rodagem do Rio Grande do Sul,DAER,Paralisado,ECOPLAN ENGENHARIA LTDA.,06/02/2023 a 17/07/2026,"R$ 1.390.148,51",1390148.51,Passo Fundo,PASSO FUNDO,1,1390148.51,1390148.51,06/02/2023,17/07/2026,2023,2026,AJ/PE,"Projeto final de engenharia de interseções e aumento de capacidade da rodovia ERS-324,entre os km 178 e 182 (Xangri-Lá, Boqueirão e Santa Maria).",False,False,False,False,Vigente pela data
38,AJ/PE/058/22 - projeto final de engenharia de obras de arte especial sobre o Rio Comandaí e sobre o Rio Lajeado Laranjeiras na rodovia BRS-392 AM 9110.,DAER - Departamento Autônomo de Estradas de Rodagem do Rio Grande do Sul,DAER,Andamento,Obra de Arte Engenharia LTDA,16/01/2023 a 06/07/2026,"R$ 183.326,40",183326.4,Ubiretama,UBIRETAMA,1,183326.4,183326.4,16/01/2023,06/07/2026,2023,2026,AJ/PE,projeto final de engenharia de obras de arte especial sobre o Rio Comandaí e sobre o Rio Lajeado Laranjeiras na rodovia BRS-392 AM 9110.,False,False,False,False,Vigente pela data
39,AJ/PE/077/25 - PFE de OAE,DAER - Departamento Autônomo de Estradas de Rodagem do Rio Grande do Sul,DAER,Andamento,FINGER ENGENHEIROS ASSOCIADOS LTDA.,14/10/2025 a 11/02/2026,"R$ 158.360,74",158360.74,Agudo,AGUDO,2,79180.37,158360.74,14/10/2025,11/02/2026,2025,2026,AJ/PE,PFE de OAE,True,False,False,True,Encerrado pela data
39,AJ/PE/077/25 - PFE de OAE,DAER - Departamento Autônomo de Estradas de Rodagem do Rio Grande do Sul,DAER,Andamento,FINGER ENGENHEIROS ASSOCIADOS LTDA.,14/10/2025 a 11/02/2026,"R$ 158.360,74",158360.74,Dona Francisca,DONA FRANCISCA,2,79180.37,158360.74,14/10/2025,11/02/2026,2025,2026,AJ/PE,PFE de OAE,True,False,False,True,Encerrado pela data
40,AJ/PE/094/10 - PFE rodovias ERS-437- Entr.ERS-448 (p/Nova Roma do Sul)-Entr. ERS-122(A)(Antônio Prado e ERS-448-Entr.ERS-437 (p/Antônio Prado)-Nova Roma do Sul,DAER - Departamento Autônomo de Estradas de Rodagem do Rio Grande do Sul,DAER,Paralisado,STE - SERVIÇOS TÉCNICOS DE ENGENHARIA S/A,10/10/2010 a 26/06/2026,"R$ 585.067,48",585067.48,Antônio Prado,ANTONIO PRADO,2,292533.74,585067.48,10/10/2010,26/06/2026,2010,2026,AJ/PE,PFE rodovias ERS-437- Entr.ERS-448 (p/Nova Roma do Sul)-Entr. ERS-122(A)(Antônio Prado e ERS-448-Entr.ERS-437 (p/Antônio Prado)-Nova Roma do Sul,True,False,False,False,Vigente pela data
40,AJ/PE/094/10 - PFE rodovias ERS-437- Entr.ERS-448 (p/Nova Roma do Sul)-Entr. ERS-122(A)(Antônio Prado e ERS-448-Entr.ERS-437 (p/Antônio Prado)-Nova Roma do Sul,DAER - Departamento Autônomo de Estradas de Rodagem do Rio Grande do Sul,DAER,Paralisado,STE - SERVIÇOS TÉCNICOS DE ENGENHARIA S/A,10/10/2010 a 26/06/2026,"R$ 585.067,48",585067.48,Nova Roma do Sul,NOVA ROMA DO SUL,2,292533.74,585067.48,10/10/2010,26/06/2026,2010,2026,AJ/PE,PFE rodovias ERS-437- Entr.ERS-448 (p/Nova Roma do Sul)-Entr. ERS-122(A)(Antônio Prado e ERS-448-Entr.ERS-437 (p/Antônio Prado)-Nova Roma do Sul,True,False,False,False,Vigente pela data
41,"AJ/PE/106/10 - Projeto final de engenharia para ERS-428, trecho: Água Santa - Tapejara, extensão de 10,80km.",DAER - Departamento Autônomo de Estradas de Rodagem do Rio Grande do Sul,DAER,Concluída,ENGEPLUS ENGENHARIA E CONSULTORIA LTDA,13/12/2010 a 23/12/2025,"R$ 355.744,57",355744.57,Água Santa,AGUA SANTA,2,177872.285,355744.57,13/12/2010,23/12/2025,2010,2025,AJ/PE,"Projeto final de engenharia para ERS-428, trecho: Água Santa - Tapejara, extensão de 10,80km.",True,False,False,False,Encerrado pela data
41,"AJ/PE/106/10 - Projeto final de engenharia para ERS-428, trecho: Água Santa - Tapejara, extensão de 10,80km.",DAER - Departamento Autônomo de Estradas de Rodagem do Rio Grande do Sul,DAER,Concluída,ENGEPLUS ENGENHARIA E CONSULTORIA LTDA,13/12/2010 a 23/12/2025,"R$ 355.744,57",355744.57,Tapejara,TAPEJARA,2,177872.285,355744.57,13/12/2010,23/12/2025,2010,2025,AJ/PE,"Projeto final de engenharia para ERS-428, trecho: Água Santa - Tapejara, extensão de 10,80km.",True,False,False,False,Encerrado pela data
42,AJ/PE/111-26 - Teste para medições,DAER - Departamento Autônomo de Estradas de Rodagem do Rio Grande do Sul,DAER,Andamento,ECOPLAN ENGENHARIA LTDA.,01/04/2022 a 27/03/2023,"R$ 1.004.013,04",1004013.04,Porto Alegre,PORTO ALEGRE,1,1004013.04,1004013.04,01/04/2022,27/03/2023,2022,2023,AJ/PE,26 - Teste para medições,False,True,False,True,Encerrado pela data
43,"AJ/TP/001/25 - Lote 9 - Rodovia ERS-129, extensão: 27,31 km; trecho: Estrela – Roca Sales",DAER - Departamento Autônomo de Estradas de Rodagem do Rio Grande do Sul,DAER,Andamento,TRAÇADO CONSTRUÇÕES E SERVIÇOS LTDA,07/03/2025 a 22/01/2027,"R$ 55.905.418,81",55905418.81,Estrela,ESTRELA,1,55905418.81,55905418.81,07/03/2025,22/01/2027,2025,2027,AJ/TP,"Lote 9 - Rodovia ERS-129, extensão: 27,31 km; trecho: Estrela – Roca Sales",False,False,False,False,Vigente pela data
44,AJ/TP/002/25 - Lote 1 - ERS-332 A - Trecho de Encantado à Anta Gorda,DAER - Departamento Autônomo de Estradas de Rodagem do Rio Grande do Sul,DAER,Andamento,CONSÓRCIO LCM/MATT,10/03/2025 a 22/01/2027,"R$ 93.161.532,47",93161532.47,Anta Gorda,ANTA GORDA,1,93161532.47,93161532.47,10/03/2025,22/01/2027,2025,2027,AJ/TP,Lote 1 - ERS-332 A - Trecho de Encantado à Anta Gorda,False,False,False,False,Vigente pela data
45,"AJ/TP/003/25 - Lote 5 - rodovia ERS-448, da divisa do Município de Nova Roma do Sul à Ponte de Ferro sobre o Rio das Antas, com 14,73 km de extensão,",DAER - Departamento Autônomo de Estradas de Rodagem do Rio Grande do Sul,DAER,Andamento,DALFOVO CONSTRUTORA LTDA,12/03/2025 a 12/03/2027,"R$ 55.199.617,98",55199617.98,Nova Roma do Sul,NOVA ROMA DO SUL,1,55199617.98,55199617.98,12/03/2025,12/03/2027,2025,2027,AJ/TP,"Lote 5 - rodovia ERS-448, da divisa do Município de Nova Roma do Sul à Ponte de Ferro sobre o Rio das Antas, com 14,73 km de extensão,",False,False,False,False,Vigente pela data
46,AJ/TP/004/12 - TORQUATO SEVERO - BAGÉ,DAER - Departamento Autônomo de Estradas de Rodagem do Rio Grande do Sul,DAER,Andamento,"ICCILA INDUSTRIA, COMERCIO E CONSTRUÇÃO IBAGÊ LTDA",03/09/2021 a 31/12/2026,"R$ 46.128.905,41",46128905.41,Bagé,BAGE,1,46128905.41,46128905.41,03/09/2021,31/12/2026,2021,2026,AJ/TP,TORQUATO SEVERO - BAGÉ,False,False,False,False,Vigente pela data
47,"AJ/TP/004/25 - Lote 6, ERS-448, Trecho km 31+540 ao km 55+670, Ponte sobre o Rio das Antas até o entroncamento com a RSC-453 (para Farroupilha), com 24,13 km ext.",DAER - Departamento Autônomo de Estradas de Rodagem do Rio Grande do Sul,DAER,Andamento,DALFOVO CONSTRUTORA LTDA,12/03/2025 a 22/01/2027,"R$ 62.869.019,46",62869019.46,Farroupilha,FARROUPILHA,1,62869019.46,62869019.46,12/03/2025,22/01/2027,2025,2027,AJ/TP,"Lote 6, ERS-448, Trecho km 31+540 ao km 55+670, Ponte sobre o Rio das Antas até o entroncamento com a RSC-453 (para Farroupilha), com 24,13 km ext.",False,False,False,False,Vigente pela data
48,"AJ/TP/005/25 - Lote 14, ERS-437 - Trecho do km 9+200 ao Km 16+600, em direção ao entroncamento com a ERS-448 (à Nova Roma do Sul).",DAER - Departamento Autônomo de Estradas de Rodagem do Rio Grande do Sul,DAER,Andamento,SBS - ENGENHARIA E CONSTRUCOES LTDA,03/04/2025 a 03/04/2027,"R$ 68.318.439,04",68318439.04,Nova Roma do Sul,NOVA ROMA DO SUL,1,68318439.04,68318439.04,03/04/2025,03/04/2027,2025,2027,AJ/TP,"Lote 14, ERS-437 - Trecho do km 9+200 ao Km 16+600, em direção ao entroncamento com a ERS-448 (à Nova Roma do Sul).",False,False,False,False,Vigente pela data
49,"AJ/TP/006/25 - Lote 2 - ERS-332, trecho do km 32,20 ao Km 92,01 em direção ao entroncamento com a BR-386 (p/ Lajeado)",DAER - Departamento Autônomo de Estradas de Rodagem do Rio Grande do Sul,DAER,Andamento,TRAÇADO CONSTRUÇÕES E SERVIÇOS LTDA,27/02/2025 a 22/01/2027,"R$ 107.243.067,98",107243067.98,Lajeado,LAJEADO,1,107243067.98,107243067.98,27/02/2025,22/01/2027,2025,2027,AJ/TP,"Lote 2 - ERS-332, trecho do km 32,20 ao Km 92,01 em direção ao entroncamento com a BR-386 (p/ Lajeado)",False,False,False,False,Vigente pela data
50,"AJ/TP/006/26 - ERS-715, Trecho: Sentinela do Sul (Fim Trv) até Cerro Grande do Sul, Km 10,10 ao 24,28, Extensão: 14,18 km, Lote 2 .",DAER - Departamento Autônomo de Estradas de Rodagem do Rio Grande do Sul,DAER,Andamento,PLANATERRA TERRAPLENAGEM E PAVIMENTAÇÃO LTDA,20/04/2026 a 20/04/2027,"R$ 31.860.000,00",31860000.0,Sentinela do Sul,SENTINELA DO SUL,1,31860000.0,31860000.0,20/04/2026,20/04/2027,2026,2027,AJ/TP,"ERS-715, Trecho: Sentinela do Sul (Fim Trv) até Cerro Grande do Sul, Km 10,10 ao 24,28, Extensão: 14,18 km, Lote 2 .",False,False,False,False,Vigente pela data
51,"AJ/TP/007/25 - Lote 3 - ERS-431, trecho: Entr. BRS-470 (p/ Bento Gonçalves) - Santa Bárbara (São Valentim Do Sul)",DAER - Departamento Autônomo de Estradas de Rodagem do Rio Grande do Sul,DAER,Andamento,Encopav Engenharia Ltda,28/03/2025 a 23/01/2027,"R$ 100.985.206,23",100985206.23,Santa Bárbara do Sul,SANTA BARBARA DO SUL,1,100985206.23,100985206.23,28/03/2025,23/01/2027,2025,2027,AJ/TP,"Lote 3 - ERS-431, trecho: Entr. BRS-470 (p/ Bento Gonçalves) - Santa Bárbara (São Valentim Do Sul)",False,False,False,False,Vigente pela data
52,"AJ/TP/008/25 - Lote 11- ERS- 348, no trecho entre os municípios de Agudo e Dona Francisca - km 48+740 e o km 54+360.",DAER - Departamento Autônomo de Estradas de Rodagem do Rio Grande do Sul,DAER,Andamento,TRAÇADO CONSTRUÇÕES E SERVIÇOS LTDA,10/03/2025 a 22/01/2027,"R$ 169.755.956,45",169755956.45,Dona Francisca,DONA FRANCISCA,1,169755956.45,169755956.45,10/03/2025,22/01/2027,2025,2027,AJ/TP,"Lote 11- ERS- 348, no trecho entre os municípios de Agudo e Dona Francisca - km 48+740 e o km 54+360.",False,False,False,False,Vigente pela data
53,"AJ/TP/009/25 - Lote 12 - ERS-348, Entr. ERS-149(A) (p/ São João do Polêsine) - Entr. Dona Francisca",DAER - Departamento Autônomo de Estradas de Rodagem do Rio Grande do Sul,DAER,Andamento,DELLA PASQUA ENGENHARIA E CONSTRUÇÕES LTDA,17/03/2025 a 17/03/2027,"R$ 33.218.981,32",33218981.32,São João do Polêsine,SAO JOAO DO POLESINE,1,33218981.32,33218981.32,17/03/2025,17/03/2027,2025,2027,AJ/TP,"Lote 12 - ERS-348, Entr. ERS-149(A) (p/ São João do Polêsine) - Entr. Dona Francisca",False,False,False,False,Vigente pela data
54,"AJ/TP/010/25 - ERS- 444, Trecho km 26,05 ao km 31,07 e km 31,07 ao km 39,33.",DAER - Departamento Autônomo de Estradas de Rodagem do Rio Grande do Sul,DAER,Andamento,Encopav Engenharia Ltda,28/03/2025 a 23/01/2027,"R$ 91.837.022,93",91837022.93,Bento Gonçalves,BENTO GONCALVES,1,91837022.93,91837022.93,28/03/2025,23/01/2027,2025,2027,AJ/TP,"ERS- 444, Trecho km 26,05 ao km 31,07 e km 31,07 ao km 39,33.",False,False,False,False,Vigente pela data
55,"AJ/TP/011/25 - Lote 15,ERS-640, Entr. ERS-241 (P/ São Vicente do Sul) – Entr. BRS-158/290 (P/ Rosário do Sul), segmentos do km 0+000 ao km 64+230",DAER - Departamento Autônomo de Estradas de Rodagem do Rio Grande do Sul,DAER,Andamento,CONSTRUTORA ALEGRETENSE LTDA,24/03/2025 a 24/03/2027,"R$ 106.912.731,06",106912731.06,São Vicente do Sul,SAO VICENTE DO SUL,1,106912731.06,106912731.06,24/03/2025,24/03/2027,2025,2027,AJ/TP,"Lote 15,ERS-640, Entr. ERS-241 (P/ São Vicente do Sul) – Entr. BRS-158/290 (P/ Rosário do Sul), segmentos do km 0+000 ao km 64+230",False,False,False,False,Vigente pela data
56,"AJ/TP/012/25 - Lote 08 - Rodovia VRS-826; Extensão (km): 19,56 km; Trecho: Entr. ERS-452 (Feliz)) - Entr. ERS-122 (p/ Farroupilha),",DAER - Departamento Autônomo de Estradas de Rodagem do Rio Grande do Sul,DAER,Andamento,COESUL CONSTR EXTREMO SUL LTDA,17/03/2025 a 17/03/2027,"R$ 55.684.265,26",55684265.26,Feliz,FELIZ,1,55684265.26,55684265.26,17/03/2025,17/03/2027,2025,2027,AJ/TP,"Lote 08 - Rodovia VRS-826; Extensão (km): 19,56 km; Trecho: Entr. ERS-452 (Feliz)) - Entr. ERS-122 (p/ Farroupilha),",False,False,False,False,Vigente pela data
57,"AJ/TP/013/25 - Execução de obras emergenciais ERS- 452, trecho entr. ERS-122 (P/ Bom Princípio) – entr. BRS-116 (P/ Nova Palmira)",DAER - Departamento Autônomo de Estradas de Rodagem do Rio Grande do Sul,DAER,Andamento,"TONIOLO, BUSNELLO S.A. - TÚNEIS, TERRAPLENAGENS E PAVIMENTAÇÕES - EM RECUPERAÇÃO JUDICIAL",22/04/2025 a 22/01/2027,"R$ 50.569.465,33",50569465.33,Bom Princípio,BOM PRINCIPIO,1,50569465.33,50569465.33,22/04/2025,22/01/2027,2025,2027,AJ/TP,"Execução de obras emergenciais ERS- 452, trecho entr. ERS-122 (P/ Bom Princípio) – entr. BRS-116 (P/ Nova Palmira)",False,False,False,False,Vigente pela data
58,"AJ/TP/014/25 - Lote 10, ERS- 149, trecho 1: Entr. RSC-287(B) (P/ Santa Maria) - Entr. ERS-348(A) (P/ Ivorá)",DAER - Departamento Autônomo de Estradas de Rodagem do Rio Grande do Sul,DAER,Andamento,CONSTR.CONTINENTAL DE SAO PAULO LTDA,17/03/2025 a 24/01/2027,"R$ 79.087.189,10",79087189.1,Santa Maria,SANTA MARIA,1,79087189.1,79087189.1,17/03/2025,24/01/2027,2025,2027,AJ/TP,"Lote 10, ERS- 149, trecho 1: Entr. RSC-287(B) (P/ Santa Maria) - Entr. ERS-348(A) (P/ Ivorá)",False,False,False,False,Vigente pela data
59,"AJ/TP/015/25 - Lote 13 - ERS-437, do Entroncamento com a BR-470 em Vila Flores (km 0,00) até o km 9,20.",DAER - Departamento Autônomo de Estradas de Rodagem do Rio Grande do Sul,DAER,Andamento,MATT CONSTRUTORA LTDA,10/03/2025 a 10/03/2027,"R$ 61.855.420,18",61855420.18,Vila Flores,VILA FLORES,1,61855420.18,61855420.18,10/03/2025,10/03/2027,2025,2027,AJ/TP,"Lote 13 - ERS-437, do Entroncamento com a BR-470 em Vila Flores (km 0,00) até o km 9,20.",False,False,False,False,Vigente pela data
60,AJ/TP/018/22 - EXECUÇÃO DE SERVIÇOS ERS-118 ENTR BR-116 SAPUCAIA DO SUL ENTR 290 GRAVATAI,DAER - Departamento Autônomo de Estradas de Rodagem do Rio Grande do Sul,DAER,Andamento,SULTEPA CONSTRUÇÕES E COMÉRCIO LTDA.,01/06/2022 a 30/04/2026,"R$ 67.779.885,16",67779885.16,Gravataí,GRAVATAI,2,33889942.58,67779885.16,01/06/2022,30/04/2026,2022,2026,AJ/TP,EXECUÇÃO DE SERVIÇOS ERS-118 ENTR BR-116 SAPUCAIA DO SUL ENTR 290 GRAVATAI,True,False,False,True,Encerrado pela data
60,AJ/TP/018/22 - EXECUÇÃO DE SERVIÇOS ERS-118 ENTR BR-116 SAPUCAIA DO SUL ENTR 290 GRAVATAI,DAER - Departamento Autônomo de Estradas de Rodagem do Rio Grande do Sul,DAER,Andamento,SULTEPA CONSTRUÇÕES E COMÉRCIO LTDA.,01/06/2022 a 30/04/2026,"R$ 67.779.885,16",67779885.16,Sapucaia do Sul,SAPUCAIA DO SUL,2,33889942.58,67779885.16,01/06/2022,30/04/2026,2022,2026,AJ/TP,EXECUÇÃO DE SERVIÇOS ERS-118 ENTR BR-116 SAPUCAIA DO SUL ENTR 290 GRAVATAI,True,False,False,True,Encerrado pela data
61,"AJ/TP/019/26 - As obras e/ou serviços de engenharia serão executados na BRS-386, Trecho: BRS-386-Acesso São Pedro das Missões (SRE:386BRS9180), com ext. de 6,171 Km.",DAER - Departamento Autônomo de Estradas de Rodagem do Rio Grande do Sul,DAER,Andamento,CONSTRUBRAS CONSTRUTORA LTDA,05/05/2026 a 05/05/2027,"R$ 19.233.182,00",19233182.0,São Pedro das Missões,SAO PEDRO DAS MISSOES,1,19233182.0,19233182.0,05/05/2026,05/05/2027,2026,2027,AJ/TP,"As obras e/ou serviços de engenharia serão executados na BRS-386, Trecho: BRS-386-Acesso São Pedro das Missões (SRE:386BRS9180), com ext. de 6,171 Km.",False,False,False,False,Vigente pela data
62,AJ/TP/020/12 - SÃO BENTO TESOURAS,DAER - Departamento Autônomo de Estradas de Rodagem do Rio Grande do Sul,DAER,Andamento,ECEN – EMPRESA DE CONSTRUÇÃO E ENGENHARIA LTDA,05/09/2022 a 31/12/2025,"R$ 44.289.510,38",44289510.38,Aceguá,ACEGUA,1,44289510.38,44289510.38,05/09/2022,31/12/2025,2022,2025,AJ/TP,SÃO BENTO TESOURAS,False,False,False,True,Encerrado pela data
63,AJ/TP/020/22 - Rodovia ERS-305 Trecho Entr. ERS/342 (Horizontina) Entr. ERS/207 (Crissiumal),DAER - Departamento Autônomo de Estradas de Rodagem do Rio Grande do Sul,DAER,Andamento,SBS - ENGENHARIA E CONSTRUCOES LTDA,24/05/2022 a 24/05/2023,"R$ 0,00",0.0,Crissiumal,CRISSIUMAL,1,0.0,0.0,24/05/2022,24/05/2023,2022,2023,AJ/TP,Rodovia ERS-305 Trecho Entr. ERS/342 (Horizontina) Entr. ERS/207 (Crissiumal),False,False,True,True,Encerrado pela data
64,AJ/TP/020/23 - ERS-734 ENTR 392 TRAVESSIA URBANA DE RIO GRANDE,DAER - Departamento Autônomo de Estradas de Rodagem do Rio Grande do Sul,DAER,Andamento,SBS - ENGENHARIA E CONSTRUCOES LTDA,24/08/2023 a 09/06/2026,"R$ 53.356.169,15",53356169.15,Capão do Leão,CAPAO DO LEAO,2,26678084.575,53356169.15,24/08/2023,09/06/2026,2023,2026,AJ/TP,ERS-734 ENTR 392 TRAVESSIA URBANA DE RIO GRANDE,True,False,False,True,Encerrado pela data
64,AJ/TP/020/23 - ERS-734 ENTR 392 TRAVESSIA URBANA DE RIO GRANDE,DAER - Departamento Autônomo de Estradas de Rodagem do Rio Grande do Sul,DAER,Andamento,SBS - ENGENHARIA E CONSTRUCOES LTDA,24/08/2023 a 09/06/2026,"R$ 53.356.169,15",53356169.15,Rio Grande,RIO GRANDE,2,26678084.575,53356169.15,24/08/2023,09/06/2026,2023,2026,AJ/TP,ERS-734 ENTR 392 TRAVESSIA URBANA DE RIO GRANDE,True,False,False,True,Encerrado pela data
65,"AJ/TP/020/26 - Rodovia ERS-483, Trecho: Entre Rios do Sul-Cruzaltense, Segmento: km 17,20 ao km 35,57, extensão 18,37km (SRE:483ERS0020),",DAER - Departamento Autônomo de Estradas de Rodagem do Rio Grande do Sul,DAER,Andamento,CONSTRUBRAS CONSTRUTORA LTDA,05/05/2026 a 27/09/2027,"R$ 52.044.000,00",52044000.0,Cruzaltense,CRUZALTENSE,1,52044000.0,52044000.0,05/05/2026,27/09/2027,2026,2027,AJ/TP,"Rodovia ERS-483, Trecho: Entre Rios do Sul-Cruzaltense, Segmento: km 17,20 ao km 35,57, extensão 18,37km (SRE:483ERS0020),",False,False,False,False,Vigente pela data
66,"AJ/TP/030/25 - RSC-453 e ERS-486, trecho: entr. ERS-020(A) (p/ Tainhas) – entr. BRS-101 (Terra de Areia), segmento: RSC-453 - km 240+260 ao km 255+770",DAER - Departamento Autônomo de Estradas de Rodagem do Rio Grande do Sul,DAER,Andamento,SULTEPA CONSTRUÇÕES E COMÉRCIO LTDA.,24/06/2025 a 24/06/2026,"R$ 139.359.131,57",139359131.57,Terra de Areia,TERRA DE AREIA,1,139359131.57,139359131.57,24/06/2025,24/06/2026,2025,2026,AJ/TP,"RSC-453 e ERS-486, trecho: entr. ERS-020(A) (p/ Tainhas) – entr. BRS-101 (Terra de Areia), segmento: RSC-453 - km 240+260 ao km 255+770",False,False,False,False,Vigente pela data
67,AJ/TP/033/22 - ENTR. BRS/101 - BACOPARI - MOSTARDAS - PALMARES DO SUL - TAVARES,DAER - Departamento Autônomo de Estradas de Rodagem do Rio Grande do Sul,DAER,Andamento,MAC ENGENHARIA LTDA,23/09/2022 a 19/01/2027,"R$ 167.605.331,55",167605331.55,Mostardas,MOSTARDAS,1,167605331.55,167605331.55,23/09/2022,19/01/2027,2022,2027,AJ/TP,ENTR. BRS/101 - BACOPARI - MOSTARDAS - PALMARES DO SUL - TAVARES,False,False,False,False,Vigente pela data
68,"AJ/TP/038/25 - Lote 16 - ERS-415, entre o km 0+000 e km 7+580 (Trecho 01) e o km 0+000 ao km 1+790 (Trecho 02)",DAER - Departamento Autônomo de Estradas de Rodagem do Rio Grande do Sul,DAER,Andamento,CONTRUTORA E PAVIMENTADORA PAVICON LTDA.,24/06/2025 a 24/06/2026,"R$ 23.684.785,73",23684785.73,Bom Princípio,BOM PRINCIPIO,1,23684785.73,23684785.73,24/06/2025,24/06/2026,2025,2026,AJ/TP,"Lote 16 - ERS-415, entre o km 0+000 e km 7+580 (Trecho 01) e o km 0+000 ao km 1+790 (Trecho 02)",False,False,False,False,Vigente pela data
69,AJ/TP/040/25 - Obras de requalificação e reabilitação funcional da Estação Rodoviária de Porto Alegre – ERPA,DAER - Departamento Autônomo de Estradas de Rodagem do Rio Grande do Sul,DAER,Andamento,NACON ENGENHARIA LTDA,05/06/2025 a 05/06/2026,"R$ 19.684.083,94",19684083.94,Porto Alegre,PORTO ALEGRE,1,19684083.94,19684083.94,05/06/2025,05/06/2026,2025,2026,AJ/TP,Obras de requalificação e reabilitação funcional da Estação Rodoviária de Porto Alegre – ERPA,False,False,False,True,Encerrado pela data
70,AJ/TP/041/13 - ERS-344 (GIRUÁ) - SENADOR SALGADO FILHO,DAER - Departamento Autônomo de Estradas de Rodagem do Rio Grande do Sul,DAER,Andamento,CONTERRA CONSTR. E TERRAPLENAGENS LTDA,07/10/2021 a 31/12/2026,"R$ 25.841.011,86",25841011.86,Giruá,GIRUA,1,25841011.86,25841011.86,07/10/2021,31/12/2026,2021,2026,AJ/TP,ERS-344 (GIRUÁ) - SENADOR SALGADO FILHO,False,False,False,False,Vigente pela data
71,"AJ/TP/043/24 - Rodovia ERS-176, trecho Manoel Viana – Sobradinho – BRS-287, subtrecho km 0+000 ao km 36+000 (Lote 1), com extensão de 36,000km,",DAER - Departamento Autônomo de Estradas de Rodagem do Rio Grande do Sul,DAER,Andamento,CONSTRUTORA ALEGRETENSE LTDA,03/02/2025 a 03/02/2026,"R$ 69.998.983,49",69998983.49,Manoel Viana,MANOEL VIANA,1,69998983.49,69998983.49,03/02/2025,03/02/2026,2025,2026,AJ/TP,"Rodovia ERS-176, trecho Manoel Viana – Sobradinho – BRS-287, subtrecho km 0+000 ao km 36+000 (Lote 1), com extensão de 36,000km,",False,False,False,True,Encerrado pela data
72,AJ/TP/048/11 - VIAMÃO - LAMI,DAER - Departamento Autônomo de Estradas de Rodagem do Rio Grande do Sul,DAER,Andamento,COESUL CONSTR EXTREMO SUL LTDA,30/08/2021 a 31/12/2025,"R$ 52.685.006,98",52685006.98,Viamão,VIAMAO,1,52685006.98,52685006.98,30/08/2021,31/12/2025,2021,2025,AJ/TP,VIAMÃO - LAMI,False,False,False,True,Encerrado pela data
73,AJ/TP/048/22 - VILA ITAPUÃ - HOSPITAL ITAPUÃ,DAER - Departamento Autônomo de Estradas de Rodagem do Rio Grande do Sul,DAER,Andamento,Encopav Engenharia Ltda,27/10/2022 a 31/03/2026,"R$ 14.077.889,43",14077889.43,Viamão,VIAMAO,1,14077889.43,14077889.43,27/10/2022,31/03/2026,2022,2026,AJ/TP,VILA ITAPUÃ - HOSPITAL ITAPUÃ,False,False,False,True,Encerrado pela data
74,"AJ/TP/052/25 - ERS-524, trecho Quevedos (Final do calçamento) - Entr. VRS-305 (Toropi), extensão de 27,665 km.",DAER - Departamento Autônomo de Estradas de Rodagem do Rio Grande do Sul,DAER,Andamento,CONSTR.CONTINENTAL DE SAO PAULO LTDA,15/08/2025 a 06/02/2027,"R$ 96.328.286,69",96328286.69,Quevedos,QUEVEDOS,1,96328286.69,96328286.69,15/08/2025,06/02/2027,2025,2027,AJ/TP,"ERS-524, trecho Quevedos (Final do calçamento) - Entr. VRS-305 (Toropi), extensão de 27,665 km.",False,False,False,False,Vigente pela data
75,"AJ/TP/053/25 - entroncamento BRS/468 – Sede Nova, extensão: 8,81 km.",DAER - Departamento Autônomo de Estradas de Rodagem do Rio Grande do Sul,DAER,Andamento,CONSTR.CONTINENTAL DE SAO PAULO LTDA,15/08/2025 a 07/09/2026,"R$ 16.398.360,00",16398360.0,Sede Nova,SEDE NOVA,1,16398360.0,16398360.0,15/08/2025,07/09/2026,2025,2026,AJ/TP,"entroncamento BRS/468 – Sede Nova, extensão: 8,81 km.",False,False,False,False,Vigente pela data
76,AJ/TP/055/12 - Rodov.ERS-168 (São Luiz Gonzaga) Entr.BRS-392 (Cerro Largo). LOTE 01 - Rolador -Entr. BRS-392 (Cerro Largo) LOTE 02,DAER - Departamento Autônomo de Estradas de Rodagem do Rio Grande do Sul,DAER,Andamento,CONTERRA CONSTR. E TERRAPLENAGENS LTDA,15/04/2013 a 31/12/2026,"R$ 24.256.347,26",24256347.26,São Luiz Gonzaga,SAO LUIZ GONZAGA,1,24256347.26,24256347.26,15/04/2013,31/12/2026,2013,2026,AJ/TP,Rodov.ERS-168 (São Luiz Gonzaga) Entr.BRS-392 (Cerro Largo). LOTE 01 - Rolador -Entr. BRS-392 (Cerro Largo) LOTE 02,False,False,False,False,Vigente pela data
77,"AJ/TP/056/25 - Contratação de empresa especializada para prestação de serviços de apoio técnico ao DAER, na fiscalização e controle de qualidade dos estudos, Lote 1",DAER - Departamento Autônomo de Estradas de Rodagem do Rio Grande do Sul,DAER,Andamento,ENECON S/A ENGENHEIROS E ECONOM CONSULT,24/07/2025 a 24/07/2026,"R$ 22.179.910,63",22179910.63,Porto Alegre,PORTO ALEGRE,1,22179910.63,22179910.63,24/07/2025,24/07/2026,2025,2026,AJ/TP,"Contratação de empresa especializada para prestação de serviços de apoio técnico ao DAER, na fiscalização e controle de qualidade dos estudos, Lote 1",False,False,False,False,Vigente pela data
78,"AJ/TP/057/14 - Rodovia ERS-165, Trecho: Rolador (KM 23+820) Entr. BRS- 392 (KM 36+480 P/Cerro Largo), com extensão 12,660km.",DAER - Departamento Autônomo de Estradas de Rodagem do Rio Grande do Sul,DAER,Andamento,CONTERRA CONSTR. E TERRAPLENAGENS LTDA,15/09/2014 a 31/12/2026,"R$ 15.355.468,09",15355468.09,Santa Rosa,SANTA ROSA,1,15355468.09,15355468.09,15/09/2014,31/12/2026,2014,2026,AJ/TP,"Rodovia ERS-165, Trecho: Rolador (KM 23+820) Entr. BRS- 392 (KM 36+480 P/Cerro Largo), com extensão 12,660km.",False,False,False,False,Vigente pela data
79,"AJ/TP/057/25 - Prestação de apoio técnico ao DAER, na fiscalização e controle de qualidade dos estudos e projetos da Pontes e Rodovias do Lote 02",DAER - Departamento Autônomo de Estradas de Rodagem do Rio Grande do Sul,DAER,Andamento,STE - SERVIÇOS TÉCNICOS DE ENGENHARIA S/A,24/07/2025 a 24/07/2026,"R$ 24.846.812,34",24846812.34,Porto Alegre,PORTO ALEGRE,1,24846812.34,24846812.34,24/07/2025,24/07/2026,2025,2026,AJ/TP,"Prestação de apoio técnico ao DAER, na fiscalização e controle de qualidade dos estudos e projetos da Pontes e Rodovias do Lote 02",False,False,False,False,Vigente pela data
80,"AJ/TP/058/25 - Supervisão e gerenciamento de projetos e obras no âmbito da jurisdição das superintendências regionais do DAER, LOTE 03.",DAER - Departamento Autônomo de Estradas de Rodagem do Rio Grande do Sul,DAER,Andamento,ENECON S/A ENGENHEIROS E ECONOM CONSULT,24/07/2025 a 24/07/2026,"R$ 22.205.208,81",22205208.81,Água Santa,AGUA SANTA,1,22205208.81,22205208.81,24/07/2025,24/07/2026,2025,2026,AJ/TP,"Supervisão e gerenciamento de projetos e obras no âmbito da jurisdição das superintendências regionais do DAER, LOTE 03.",False,False,False,False,Vigente pela data
81,"AJ/TP/059/25 - ERS-403, trecho: Cachoeira do Sul – Rio Pardo, Lote 02",DAER - Departamento Autônomo de Estradas de Rodagem do Rio Grande do Sul,DAER,Andamento,CONPASUL CONSTRUÇÃO E SERVIÇOS LTDA,09/09/2025 a 09/09/2026,"R$ 13.827.071,78",13827071.78,Rio Pardo,RIO PARDO,1,13827071.78,13827071.78,09/09/2025,09/09/2026,2025,2026,AJ/TP,"ERS-403, trecho: Cachoeira do Sul – Rio Pardo, Lote 02",False,False,False,False,Vigente pela data
82,"AJ/TP/062/25 - rodovia do Lote 19 - ERS-431, entre o km 22+850 e km 43+020, que interliga os municípios de Dois Lajeados e São Valentim do Sul.",DAER - Departamento Autônomo de Estradas de Rodagem do Rio Grande do Sul,DAER,Andamento,CONSTRUTORA GIOVANELLA LTDA,22/09/2025 a 22/09/2026,"R$ 84.822.056,74",84822056.74,Dois Lajeados,DOIS LAJEADOS,1,84822056.74,84822056.74,22/09/2025,22/09/2026,2025,2026,AJ/TP,"rodovia do Lote 19 - ERS-431, entre o km 22+850 e km 43+020, que interliga os municípios de Dois Lajeados e São Valentim do Sul.",False,False,False,False,Vigente pela data
83,"AJ/TP/063/25 - Lote 18 - ERS-433, entre o km 0+000 e km 16+600, trecho que conecta a Entr. com a ERS-332 (para Arvorezinha) até Relvado.",DAER - Departamento Autônomo de Estradas de Rodagem do Rio Grande do Sul,DAER,Andamento,CONSTRUTORA GIOVANELLA LTDA,18/09/2025 a 18/09/2026,"R$ 77.640.630,59",77640630.59,Relvado,RELVADO,1,77640630.59,77640630.59,18/09/2025,18/09/2026,2025,2026,AJ/TP,"Lote 18 - ERS-433, entre o km 0+000 e km 16+600, trecho que conecta a Entr. com a ERS-332 (para Arvorezinha) até Relvado.",False,False,False,False,Vigente pela data
84,AJ/TP/064/14 - SEGREDO - LAGOÃO -,DAER - Departamento Autônomo de Estradas de Rodagem do Rio Grande do Sul,DAER,Andamento,DALFOVO CONSTRUTORA LTDA,31/03/2023 a 14/01/2026,"R$ 42.310.960,39",42310960.39,Segredo,SEGREDO,1,42310960.39,42310960.39,31/03/2023,14/01/2026,2023,2026,AJ/TP,SEGREDO - LAGOÃO -,False,False,False,True,Encerrado pela data
85,"AJ/TP/067/25 - Qualificação viária da rodovia do Lote 20- RSC-453, no trecho que conecta a Entr. ERS-122 (B) (Caxias do Sul) - Entr. ERS-476 (Lajeado Grande), abrang",DAER - Departamento Autônomo de Estradas de Rodagem do Rio Grande do Sul,DAER,Andamento,Encopav Engenharia Ltda,29/09/2025 a 29/09/2026,"R$ 136.787.583,95",136787583.95,Caxias do Sul,CAXIAS DO SUL,1,136787583.95,136787583.95,29/09/2025,29/09/2026,2025,2026,AJ/TP,"Qualificação viária da rodovia do Lote 20- RSC-453, no trecho que conecta a Entr. ERS-122 (B) (Caxias do Sul) - Entr. ERS-476 (Lajeado Grande), abrang",False,False,False,False,Vigente pela data
86,"AJ/TP/068/25 - Lote 22- VRS-840, que interliga os municípios de Ivoti e Lindolfo Collor, abrangendo o trecho entre o km 0+000 e km 7+790.",DAER - Departamento Autônomo de Estradas de Rodagem do Rio Grande do Sul,DAER,Andamento,CONTRUTORA E PAVIMENTADORA PAVICON LTDA.,29/09/2025 a 29/09/2026,"R$ 14.737.535,75",14737535.75,Ivoti,IVOTI,1,14737535.75,14737535.75,29/09/2025,29/09/2026,2025,2026,AJ/TP,"Lote 22- VRS-840, que interliga os municípios de Ivoti e Lindolfo Collor, abrangendo o trecho entre o km 0+000 e km 7+790.",False,False,False,False,Vigente pela data
87,AJ/TP/069/17 - EXECUÇÃO DE OBRAS DE RESTAURAÇÃO E REMANESCENTES DA DUPLICAÇÃO DA ERS-118,DAER - Departamento Autônomo de Estradas de Rodagem do Rio Grande do Sul,DAER,Andamento,SULTEPA CONSTRUÇÕES E COMÉRCIO LTDA.,30/11/2017 a 31/12/2026,"R$ 104.166.801,74",104166801.74,Gravataí,GRAVATAI,1,104166801.74,104166801.74,30/11/2017,31/12/2026,2017,2026,AJ/TP,EXECUÇÃO DE OBRAS DE RESTAURAÇÃO E REMANESCENTES DA DUPLICAÇÃO DA ERS-118,False,False,False,False,Vigente pela data
88,"AJ/TP/069/25 - Lote 23 - VRS-873, que interliga os municípios de Morro Reuter a Santa Maria do Herval, abrangendo o trecho entre o km 0+000 e km 13+870.",DAER - Departamento Autônomo de Estradas de Rodagem do Rio Grande do Sul,DAER,Andamento,CONPASUL CONSTRUÇÃO E SERVIÇOS LTDA,29/09/2025 a 29/09/2026,"R$ 39.383.098,93",39383098.93,Morro Reuter,MORRO REUTER,1,39383098.93,39383098.93,29/09/2025,29/09/2026,2025,2026,AJ/TP,"Lote 23 - VRS-873, que interliga os municípios de Morro Reuter a Santa Maria do Herval, abrangendo o trecho entre o km 0+000 e km 13+870.",False,False,False,False,Vigente pela data
89,"AJ/TP/070/25 - Lote 26, no trecho compreendido entre o entroncamento com a ERS-239 e acesso ao município de Três Coroas, do km 48+690 ao km 67+180",DAER - Departamento Autônomo de Estradas de Rodagem do Rio Grande do Sul,DAER,Andamento,DOBIL ENGENHARIA LTDA,29/09/2025 a 29/09/2026,"R$ 63.849.233,55",63849233.55,Três Coroas,TRES COROAS,1,63849233.55,63849233.55,29/09/2025,29/09/2026,2025,2026,AJ/TP,"Lote 26, no trecho compreendido entre o entroncamento com a ERS-239 e acesso ao município de Três Coroas, do km 48+690 ao km 67+180",False,False,False,False,Vigente pela data
90,"AJ/TP/071/25 - Lote 21- RSC-453, trecho Entr. ERS-476 (Lajeado Grande) - Entr. ERS-020(A) (P/Tainhas).",DAER - Departamento Autônomo de Estradas de Rodagem do Rio Grande do Sul,DAER,Andamento,MAC ENGENHARIA LTDA,07/10/2025 a 07/10/2026,"R$ 113.602.899,14",113602899.14,Lajeado,LAJEADO,1,113602899.14,113602899.14,07/10/2025,07/10/2026,2025,2026,AJ/TP,"Lote 21- RSC-453, trecho Entr. ERS-476 (Lajeado Grande) - Entr. ERS-020(A) (P/Tainhas).",False,False,False,False,Vigente pela data
91,"AJ/TP/073/25 - Lote 27 - ERS-425, trecho: Nova Bréscia (fim trv) – entr. ERS-332 (p/ Encantado), segmt. km 12+440 ao km 24+650, trecho na região do Vale do Taquari",DAER - Departamento Autônomo de Estradas de Rodagem do Rio Grande do Sul,DAER,Andamento,MATT CONSTRUTORA LTDA,29/09/2025 a 29/09/2026,"R$ 43.578.320,22",43578320.22,Nova Bréscia,NOVA BRESCIA,1,43578320.22,43578320.22,29/09/2025,29/09/2026,2025,2026,AJ/TP,"Lote 27 - ERS-425, trecho: Nova Bréscia (fim trv) – entr. ERS-332 (p/ Encantado), segmt. km 12+440 ao km 24+650, trecho na região do Vale do Taquari",False,False,False,False,Vigente pela data
92,"AJ/TP/074/25 - Lote 28 Rodovia ERS-373, trecho entre Entr. ERS-115 (Várzea Grande – Gramado) e Serra Grande (Gramado).",DAER - Departamento Autônomo de Estradas de Rodagem do Rio Grande do Sul,DAER,Andamento,RIOSUL PAVIMENTADORA E CONSTRUTORA LTDA,29/09/2025 a 29/09/2026,"R$ 19.350.000,00",19350000.0,Gramado,GRAMADO,1,19350000.0,19350000.0,29/09/2025,29/09/2026,2025,2026,AJ/TP,"Lote 28 Rodovia ERS-373, trecho entre Entr. ERS-115 (Várzea Grande – Gramado) e Serra Grande (Gramado).",False,False,False,False,Vigente pela data
93,"AJ/TP/075/25 - Rodovia VRS-858, Lote 29, no trecho compreendido entre o entroncamento com a RSC-287 (acesso a Candelária) e a localidade de Linha do Rio.",DAER - Departamento Autônomo de Estradas de Rodagem do Rio Grande do Sul,DAER,Andamento,RGS ENGENHARIA S.A,29/09/2025 a 29/09/2026,"R$ 55.378.629,19",55378629.19,Candelária,CANDELARIA,1,55378629.19,55378629.19,29/09/2025,29/09/2026,2025,2026,AJ/TP,"Rodovia VRS-858, Lote 29, no trecho compreendido entre o entroncamento com a RSC-287 (acesso a Candelária) e a localidade de Linha do Rio.",False,False,False,False,Vigente pela data
94,"AJ/TP/076/25 - Rodovia ERS-550, Trecho: Entr. BRS-472 (p/ São Borja) – Entr. ERS-561(p/ São Nicolau), com extensão de 23,40.",DAER - Departamento Autônomo de Estradas de Rodagem do Rio Grande do Sul,DAER,Andamento,R. SCHAEFFER CONSTRUÇÕES LTDA,24/09/2025 a 14/09/2027,"R$ 78.245.741,37",78245741.37,São Nicolau,SAO NICOLAU,1,78245741.37,78245741.37,24/09/2025,14/09/2027,2025,2027,AJ/TP,"Rodovia ERS-550, Trecho: Entr. BRS-472 (p/ São Borja) – Entr. ERS-561(p/ São Nicolau), com extensão de 23,40.",False,False,False,False,Vigente pela data
95,"AJ/TP/079/25 - Trecho: Entr. ERS-702 (Cancelão) Entr. BRS-392(A) (p/ Santana da Boa Vista)- Lote 1, Extensão: 10,00 km.",DAER - Departamento Autônomo de Estradas de Rodagem do Rio Grande do Sul,DAER,Andamento,CONSTRUTORAPELOTENSELTDA,26/11/2025 a 26/11/2026,"R$ 35.230.000,06",35230000.06,Canguçu,CANGUCU,1,35230000.06,35230000.06,26/11/2025,26/11/2026,2025,2026,AJ/TP,"Trecho: Entr. ERS-702 (Cancelão) Entr. BRS-392(A) (p/ Santana da Boa Vista)- Lote 1, Extensão: 10,00 km.",False,False,False,False,Vigente pela data
96,"AJ/TP/083/25 - Rodovias ERS-124 Trecho Harmonia -ERS-240 - Montenegro-ERS-124 - São Sebastião do Caí, LOTE 30.",DAER - Departamento Autônomo de Estradas de Rodagem do Rio Grande do Sul,DAER,Andamento,PLANATERRA TERRAPLENAGEM E PAVIMENTAÇÃO LTDA,10/12/2025 a 10/12/2026,"R$ 46.958.131,24",46958131.24,Montenegro,MONTENEGRO,1,46958131.24,46958131.24,10/12/2025,10/12/2026,2025,2026,AJ/TP,"Rodovias ERS-124 Trecho Harmonia -ERS-240 - Montenegro-ERS-124 - São Sebastião do Caí, LOTE 30.",False,False,False,False,Vigente pela data
97,"AJ/TP/084/25 - Lote 32 Rodovia ERS-355 Entre BRS-470 (Vila Flores) e ERS-441 (Vista Alegre do Prata),",DAER - Departamento Autônomo de Estradas de Rodagem do Rio Grande do Sul,DAER,Andamento,CONCRESUL ENGENHARIA LTDA,10/12/2025 a 10/12/2026,"R$ 56.059.714,98",56059714.98,Vila Flores,VILA FLORES,1,56059714.98,56059714.98,10/12/2025,10/12/2026,2025,2026,AJ/TP,"Lote 32 Rodovia ERS-355 Entre BRS-470 (Vila Flores) e ERS-441 (Vista Alegre do Prata),",False,False,False,False,Vigente pela data
98,AJ/TP/085/25 - lote 33 Rodovia ERS-305 sob o trecho compreendido entre o entr. ERS-342 (Horizontina) (Vila Cascata),DAER - Departamento Autônomo de Estradas de Rodagem do Rio Grande do Sul,DAER,Andamento,CARPENEDO & CIA LTDA,10/12/2025 a 10/12/2026,"R$ 28.873.702,52",28873702.52,Horizontina,HORIZONTINA,1,28873702.52,28873702.52,10/12/2025,10/12/2026,2025,2026,AJ/TP,lote 33 Rodovia ERS-305 sob o trecho compreendido entre o entr. ERS-342 (Horizontina) (Vila Cascata),False,False,False,False,Vigente pela data
99,AJ/TP/086/25 - Lote 31 na Rodovia RSC-453 trecho (Westflália) entr. VSR-863 (Imigrante).,DAER - Departamento Autônomo de Estradas de Rodagem do Rio Grande do Sul,DAER,Andamento,PLANO NORTE ENGENHARIA LTDA,10/12/2025 a 10/12/2026,"R$ 14.474.396,15",14474396.15,Imigrante,IMIGRANTE,1,14474396.15,14474396.15,10/12/2025,10/12/2026,2025,2026,AJ/TP,Lote 31 na Rodovia RSC-453 trecho (Westflália) entr. VSR-863 (Imigrante).,False,False,False,False,Vigente pela data
100,AJ/TP/087/09 - ENTR. ERS/527 (TUPANCIRETÃ) - ENTR. RSC/377 (SANTA TECLA),DAER - Departamento Autônomo de Estradas de Rodagem do Rio Grande do Sul,DAER,Andamento,BGSE CONSTRUCOES LTDA,12/03/2010 a 31/12/2026,"R$ 144.493.754,83",144493754.83,Tupanciretã,TUPANCIRETA,1,144493754.83,144493754.83,12/03/2010,31/12/2026,2010,2026,AJ/TP,ENTR. ERS/527 (TUPANCIRETÃ) - ENTR. RSC/377 (SANTA TECLA),False,False,False,False,Vigente pela data
101,"AJ/TP/087/25 - Rodovias ERS-241, no Trecho São Francisco de Assis - Várzea do Rio Jaguari, LOTE 34",DAER - Departamento Autônomo de Estradas de Rodagem do Rio Grande do Sul,DAER,Andamento,CONSTRUTORA ALEGRETENSE LTDA,10/12/2025 a 10/12/2026,"R$ 80.072.454,15",80072454.15,São Francisco de Assis,SAO FRANCISCO DE ASSIS,1,80072454.15,80072454.15,10/12/2025,10/12/2026,2025,2026,AJ/TP,"Rodovias ERS-241, no Trecho São Francisco de Assis - Várzea do Rio Jaguari, LOTE 34",False,False,False,False,Vigente pela data
102,AJ/TP/121/10-22 - ALEGRETE MAÇAMBARÁ,DAER - Departamento Autônomo de Estradas de Rodagem do Rio Grande do Sul,DAER,Andamento,CONSTRUTORA ALEGRETENSE LTDA,23/06/2023 a 15/09/2024,"R$ 52.000.000,00",52000000.0,Alegrete,ALEGRETE,1,52000000.0,52000000.0,23/06/2023,15/09/2024,2023,2024,AJ/TP,22 - ALEGRETE MAÇAMBARÁ,False,False,False,True,Encerrado pela data
103,AJ/TP/135/10 - SERRA GRANDE - SANTA MARIA DO HERVAL,DAER - Departamento Autônomo de Estradas de Rodagem do Rio Grande do Sul,DAER,Andamento,CONSTRUTORAPELOTENSELTDA,17/12/2021 a 01/12/2026,"R$ 44.851.628,86",44851628.86,Gramado,GRAMADO,2,22425814.43,44851628.86,17/12/2021,01/12/2026,2021,2026,AJ/TP,SERRA GRANDE - SANTA MARIA DO HERVAL,True,False,False,False,Vigente pela data
103,AJ/TP/135/10 - SERRA GRANDE - SANTA MARIA DO HERVAL,DAER - Departamento Autônomo de Estradas de Rodagem do Rio Grande do Sul,DAER,Andamento,CONSTRUTORAPELOTENSELTDA,17/12/2021 a 01/12/2026,"R$ 44.851.628,86",44851628.86,Santa Maria do Herval,SANTA MARIA DO HERVAL,2,22425814.43,44851628.86,17/12/2021,01/12/2026,2021,2026,AJ/TP,SERRA GRANDE - SANTA MARIA DO HERVAL,True,False,False,False,Vigente pela data
104,AJ/TP/136/10 - ENTR. BRS-116 (SAPUCAIA DO SUL) - ENTR. BRS-290 (GRAVATAI),DAER - Departamento Autônomo de Estradas de Rodagem do Rio Grande do Sul,DAER,Andamento,SULTEPA CONSTRUÇÕES E COMÉRCIO LTDA.,20/12/2010 a 31/12/2026,"R$ 79.312.472,72",79312472.72,Sapucaia do Sul,SAPUCAIA DO SUL,1,79312472.72,79312472.72,20/12/2010,31/12/2026,2010,2026,AJ/TP,ENTR. BRS-116 (SAPUCAIA DO SUL) - ENTR. BRS-290 (GRAVATAI),False,False,False,False,Vigente pela data
105,PJ/TP/009/90 - TAINHAS - CAMBARÁ DO SUL E ACESSO AO ITAIMBEZINHO,DAER - Departamento Autônomo de Estradas de Rodagem do Rio Grande do Sul,DAER,Andamento,CONSTRUTORA SULTEPA S/A,07/06/2024 a 31/12/2027,"R$ 135.334.738,28",135334738.28,Cambará do Sul,CAMBARA DO SUL,1,135334738.28,135334738.28,07/06/2024,31/12/2027,2024,2027,PJ/TP,TAINHAS - CAMBARÁ DO SUL E ACESSO AO ITAIMBEZINHO,False,False,False,False,Vigente pela data
106,PJ/TP/057/94 - Rodovia RS/410 Trecho Candelária Bexiga,DAER - Departamento Autônomo de Estradas de Rodagem do Rio Grande do Sul,DAER,Andamento,RGS ENGENHARIA S.A,18/07/2025 a 24/06/2027,"R$ 40.341.415,22",40341415.22,Candelária,CANDELARIA,1,40341415.22,40341415.22,18/07/2025,24/06/2027,2025,2027,PJ/TP,Rodovia RS/410 Trecho Candelária Bexiga,False,False,False,False,Vigente pela data
107,PJ/TP/102/98 - FINAL ZONA URBANA (AMARAL FERRADOR) - ENTRONCAMENTO BR/116,DAER - Departamento Autônomo de Estradas de Rodagem do Rio Grande do Sul,DAER,Andamento,DOBIL ENGENHARIA LTDA,11/10/2023 a 31/10/2026,"R$ 50.575.325,87",50575325.87,Amaral Ferrador,AMARAL FERRADOR,2,25287662.935,50575325.87,11/10/2023,31/10/2026,2023,2026,PJ/TP,FINAL ZONA URBANA (AMARAL FERRADOR) - ENTRONCAMENTO BR/116,True,False,False,False,Vigente pela data
107,PJ/TP/102/98 - FINAL ZONA URBANA (AMARAL FERRADOR) - ENTRONCAMENTO BR/116,DAER - Departamento Autônomo de Estradas de Rodagem do Rio Grande do Sul,DAER,Andamento,DOBIL ENGENHARIA LTDA,11/10/2023 a 31/10/2026,"R$ 50.575.325,87",50575325.87,Santa Maria,SANTA MARIA,2,25287662.935,50575325.87,11/10/2023,31/10/2026,2023,2026,PJ/TP,FINAL ZONA URBANA (AMARAL FERRADOR) - ENTRONCAMENTO BR/116,True,False,False,False,Vigente pela data
108,PJ/TP/127/01 - Rodovia RS/305 no Trecho HORIZONTINA - CRISSIUMAL.,DAER - Departamento Autônomo de Estradas de Rodagem do Rio Grande do Sul,DAER,Andamento,SBS - ENGENHARIA E CONSTRUCOES LTDA,18/02/2022 a 30/04/2026,"R$ 25.672.261,61",25672261.61,Horizontina,HORIZONTINA,1,25672261.61,25672261.61,18/02/2022,30/04/2026,2022,2026,PJ/TP,Rodovia RS/305 no Trecho HORIZONTINA - CRISSIUMAL.,False,False,False,True,Encerrado pela data
109,PJ/TP/127/98 - São Martinho da Serra - Entroncamento BR/287 Santa Maria,DAER - Departamento Autônomo de Estradas de Rodagem do Rio Grande do Sul,DAER,Andamento,CONSTR.CONTINENTAL DE SAO PAULO LTDA,02/09/2021 a 25/06/2026,"R$ 30.598.600,25",30598600.25,Santa Maria,SANTA MARIA,1,30598600.25,30598600.25,02/09/2021,25/06/2026,2021,2026,PJ/TP,São Martinho da Serra - Entroncamento BR/287 Santa Maria,False,False,False,False,Vigente pela data
110,"PJ/TP/131/98 - Execução nos Trechos São Pedro do Sul - BR/327, no Municipio de Dilermano Aguiar",DAER - Departamento Autônomo de Estradas de Rodagem do Rio Grande do Sul,DAER,Andamento,CONSTR.CONTINENTAL DE SAO PAULO LTDA,09/08/2022 a 08/08/2026,"R$ 54.951.699,23",54951699.23,Dilermando de Aguiar,DILERMANDO DE AGUIAR,1,54951699.23,54951699.23,09/08/2022,08/08/2026,2022,2026,PJ/TP,"Execução nos Trechos São Pedro do Sul - BR/327, no Municipio de Dilermano Aguiar",False,False,False,False,Vigente pela data
111,"PJ/TP/142/98 - RODOVIA ERS/492, TRECHO: TUPANCI DO SUL, COM EXTENSÃO DE 18,320 KM E RODOVIA ERS/465, TRECHO: SANTO EXPEDITO DO SUL, COM EXTENSÃO DE 10,163 KM.",DAER - Departamento Autônomo de Estradas de Rodagem do Rio Grande do Sul,DAER,Andamento,RGS ENGENHARIA S.A,09/02/2026 a 12/10/2026,"R$ 28.217.552,97",28217552.97,Santo Expedito do Sul,SANTO EXPEDITO DO SUL,2,14108776.485,28217552.97,09/02/2026,12/10/2026,2026,2026,PJ/TP,"RODOVIA ERS/492, TRECHO: TUPANCI DO SUL, COM EXTENSÃO DE 18,320 KM E RODOVIA ERS/465, TRECHO: SANTO EXPEDITO DO SUL, COM EXTENSÃO DE 10,163 KM.",True,False,False,False,Vigente pela data
111,"PJ/TP/142/98 - RODOVIA ERS/492, TRECHO: TUPANCI DO SUL, COM EXTENSÃO DE 18,320 KM E RODOVIA ERS/465, TRECHO: SANTO EXPEDITO DO SUL, COM EXTENSÃO DE 10,163 KM.",DAER - Departamento Autônomo de Estradas de Rodagem do Rio Grande do Sul,DAER,Andamento,RGS ENGENHARIA S.A,09/02/2026 a 12/10/2026,"R$ 28.217.552,97",28217552.97,Tupanci do Sul,TUPANCI DO SUL,2,14108776.485,28217552.97,09/02/2026,12/10/2026,2026,2026,PJ/TP,"RODOVIA ERS/492, TRECHO: TUPANCI DO SUL, COM EXTENSÃO DE 18,320 KM E RODOVIA ERS/465, TRECHO: SANTO EXPEDITO DO SUL, COM EXTENSÃO DE 10,163 KM.",True,False,False,False,Vigente pela data
112,PJ/TP/155/98 - IVORA - SÃO JOÃO DO POLESINE E ACESSO A FAXINAL DO SOTURNO (LOTE 2),DAER - Departamento Autônomo de Estradas de Rodagem do Rio Grande do Sul,DAER,Andamento,BGSE CONSTRUCOES LTDA,28/05/1998 a 31/12/2026,"R$ 97.995.801,54",97995801.54,Ivorá,IVORA,1,97995801.54,97995801.54,28/05/1998,31/12/2026,1998,2026,PJ/TP,IVORA - SÃO JOÃO DO POLESINE E ACESSO A FAXINAL DO SOTURNO (LOTE 2),False,False,False,False,Vigente pela data
113,PJ/TP/163/98 - CAMBARA DO SUL-SAO JOSE DOS AUSENTES,DAER - Departamento Autônomo de Estradas de Rodagem do Rio Grande do Sul,DAER,Andamento,CONSTRUTORA SULTEPA S/A,04/06/1998 a 31/12/2026,"R$ 122.352.654,77",122352654.77,Cambará do Sul,CAMBARA DO SUL,2,61176327.385,122352654.77,04/06/1998,31/12/2026,1998,2026,PJ/TP,CAMBARA DO SUL-SAO JOSE DOS AUSENTES,True,False,False,False,Vigente pela data
113,PJ/TP/163/98 - CAMBARA DO SUL-SAO JOSE DOS AUSENTES,DAER - Departamento Autônomo de Estradas de Rodagem do Rio Grande do Sul,DAER,Andamento,CONSTRUTORA SULTEPA S/A,04/06/1998 a 31/12/2026,"R$ 122.352.654,77",122352654.77,São José dos Ausentes,SAO JOSE DOS AUSENTES,2,61176327.385,122352654.77,04/06/1998,31/12/2026,1998,2026,PJ/TP,CAMBARA DO SUL-SAO JOSE DOS AUSENTES,True,False,False,False,Vigente pela data
114,PJ/TP/216/98 - BR/285 (acesso á GARRUCHOS) na Rodovia RS/176.,DAER - Departamento Autônomo de Estradas de Rodagem do Rio Grande do Sul,DAER,Andamento,CARPENEDO & CIA LTDA,22/03/2024 a 04/02/2027,"R$ 39.998.681,48",39998681.48,Garruchos,GARRUCHOS,1,39998681.48,39998681.48,22/03/2024,04/02/2027,2024,2027,PJ/TP,BR/285 (acesso á GARRUCHOS) na Rodovia RS/176.,False,False,False,False,Vigente pela data
115,PJ/TP/229/98 - BARAO TRIUNFO - LOTE 1 (POSTO DE GASOLINA FINAL DA ZONA URBANA MARIANA PIMENTEL),DAER - Departamento Autônomo de Estradas de Rodagem do Rio Grande do Sul,DAER,Andamento,R. SCHAEFFER CONSTRUÇÕES LTDA,28/08/2024 a 30/01/2027,"R$ 30.475.433,88",30475433.88,Barão do Triunfo,BARAO DO TRIUNFO,1,30475433.88,30475433.88,28/08/2024,30/01/2027,2024,2027,PJ/TP,BARAO TRIUNFO - LOTE 1 (POSTO DE GASOLINA FINAL DA ZONA URBANA MARIANA PIMENTEL),False,False,False,False,Vigente pela data
116,PJ/TP/282/98 - VENÂNCIO AIRES - VILA MELOS,DAER - Departamento Autônomo de Estradas de Rodagem do Rio Grande do Sul,DAER,Andamento,CONSTRUTORAPELOTENSELTDA,30/06/2022 a 29/11/2024,"R$ 25.955.626,56",25955626.56,Passo do Sobrado,PASSO DO SOBRADO,3,8651875.52,25955626.56,30/06/2022,29/11/2024,2022,2024,PJ/TP,VENÂNCIO AIRES - VILA MELOS,True,False,False,True,Encerrado pela data
116,PJ/TP/282/98 - VENÂNCIO AIRES - VILA MELOS,DAER - Departamento Autônomo de Estradas de Rodagem do Rio Grande do Sul,DAER,Andamento,CONSTRUTORAPELOTENSELTDA,30/06/2022 a 29/11/2024,"R$ 25.955.626,56",25955626.56,Vale Verde,VALE VERDE,3,8651875.52,25955626.56,30/06/2022,29/11/2024,2022,2024,PJ/TP,VENÂNCIO AIRES - VILA MELOS,True,False,False,True,Encerrado pela data
116,PJ/TP/282/98 - VENÂNCIO AIRES - VILA MELOS,DAER - Departamento Autônomo de Estradas de Rodagem do Rio Grande do Sul,DAER,Andamento,CONSTRUTORAPELOTENSELTDA,30/06/2022 a 29/11/2024,"R$ 25.955.626,56",25955626.56,Venâncio Aires,VENANCIO AIRES,3,8651875.52,25955626.56,30/06/2022,29/11/2024,2022,2024,PJ/TP,VENÂNCIO AIRES - VILA MELOS,True,False,False,True,Encerrado pela data
117,PJ/TP/433/98 - CRISSIUMAL - BR/468 (PADRE GONZALES),DAER - Departamento Autônomo de Estradas de Rodagem do Rio Grande do Sul,DAER,Andamento,RGS ENGENHARIA S.A,26/11/1998 a 25/12/2026,"R$ 91.370.545,52",91370545.52,Crissiumal,CRISSIUMAL,1,91370545.52,91370545.52,26/11/1998,25/12/2026,1998,2026,PJ/TP,CRISSIUMAL - BR/468 (PADRE GONZALES),False,False,False,False,Vigente pela data
118,TESTE - Teste,DAER - Departamento Autônomo de Estradas de Rodagem do Rio Grande do Sul,DAER,Andamento,Encopav Engenharia Ltda,31/03/2025 a 26/03/2027,"R$ 33.219.059,83",33219059.83,Agudo,AGUDO,1,33219059.83,33219059.83,31/03/2025,26/03/2027,2025,2027,Não identificado,Teste,False,True,False,False,Vigente pela data
